Date,Year,Month,Account,Category,Subcategory,Note,MYR,Income/Expense,EntryType
2022-07-25 17:09:38,2022,7,Public Bank,Allowance,,Duit,200.0,Income,Normal
2022-07-28 19:22:28,2022,7,Public Bank,Phone,Digi,TOPUP MAK,10.0,Expense,Normal
2022-07-29 14:11:29,2022,7,Public Bank,Phone,Yoodo,,83.0,Expense,Normal
2022-08-03 18:57:13,2022,8,Cash,Allowance,,DOMPET,200.0,Income,Normal
2022-08-04 22:28:49,2022,8,Public Bank,Game,Honkai,Monthly Pass,19.9,Expense,Normal
2022-08-06 17:23:29,2022,8,Cash,Allowance,,Mak bayar balik topup,10.0,Income,Normal
2022-08-06 17:24:17,2022,8,Cash,Food,,Sayap Ayam,7.0,Expense,Normal
2022-08-08 13:16:42,2022,8,Public Bank,Phone,Digi,DIGI,5.0,Expense,Normal
2022-08-09 20:01:57,2022,8,Cash,Health,Toiletries,,24.35,Expense,Normal
2022-08-10 13:04:26,2022,8,Public Bank,Game,Arknight,MONTHLY PASS,21.99,Expense,Normal
2022-08-13 10:39:56,2022,8,Public Bank,Phone,Yoodo,Youtube,7.0,Expense,Normal
2022-08-13 17:10:49,2022,8,Cash,Apparel,,KASUT,5.0,Expense,Normal
2022-08-13 17:17:57,2022,8,Cash,Food,,,17.9,Expense,Normal
2022-08-23 14:11:08,2022,8,Public Bank,Phone,Yoodo,100GB POWERPASS,15.0,Expense,Normal
2022-08-23 16:38:50,2022,8,Public Bank,Phone,Digi,DIGI,5.0,Expense,Normal
2022-08-23 22:30:17,2022,8,Public Bank,Phone,Yoodo,,15.0,Expense,Normal
2022-08-24 18:04:18,2022,8,Public Bank,Game,Genshin,Monthly Pass,19.9,Expense,Normal
2022-08-25 09:33:23,2022,8,Public Bank,Allowance,,,200.0,Income,Normal
2022-08-26 12:05:28,2022,8,Cash,Allowance,,,100.0,Income,Normal
2022-08-27 16:19:33,2022,8,Cash,Other,,Gunting Rambut,15.0,Expense,Normal
2022-08-28 22:20:04,2022,8,Public Bank,Phone,Digi,INTERNET,20.0,Expense,Normal
2022-08-31 11:23:28,2022,8,Public Bank,Other,,CTOS,46.75,Expense,Normal
2022-08-31 14:00:08,2022,8,Cash,Phone,Digi,,90.0,Expense,Normal
2022-08-31 15:03:31,2022,8,Cash,Food,,,14.9,Expense,Normal
2022-09-05 11:42:24,2022,9,Public Bank,Transport,GrabCar,GRAB,25.0,Expense,Normal
2022-09-05 11:42:42,2022,9,Public Bank,Phone,Digi,MAK,10.0,Expense,Normal
2022-09-05 11:42:56,2022,9,Cash,Other,,TOPUP MAK,10.0,Income,Normal
2022-09-05 13:22:50,2022,9,Public Bank,Food,,,26.0,Expense,Normal
2022-09-05 18:08:51,2022,9,Cash,Allowance,,,30.0,Income,Normal
2022-09-05 19:14:02,2022,9,Public Bank,Game,Honkai,Monthly Pass,19.9,Expense,Normal
2022-09-06 13:26:58,2022,9,Bank Islam,Allowance,,,200.0,Income,Normal
2022-09-06 19:55:22,2022,9,Cash,Allowance,,KELAS MANDARIN,50.0,Income,Normal
2022-09-07 09:36:55,2022,9,Cash,Allowance,,,100.0,Income,Normal
2022-09-08 19:18:27,2022,9,Cash,Health,Toiletries,UBAT,65.0,Expense,Normal
2022-09-17 12:16:38,2022,9,Public Bank,Phone,Yoodo,INTERNET,10.0,Expense,Normal
2022-09-18 08:17:18,2022,9,Cash,Food,,,18.0,Expense,Normal
2022-09-22 10:41:33,2022,9,Public Bank,Phone,Digi,DIGI POSTPAID,20.0,Expense,Normal
2022-09-22 12:58:25,2022,9,Cash,Allowance,,,50.0,Income,Normal
2022-09-22 12:58:35,2022,9,Cash,Transport,,,3.0,Expense,Normal
2022-09-22 13:03:35,2022,9,Public Bank,Transport,,,8.0,Expense,Normal
2022-09-22 13:26:40,2022,9,Cash,Other,,MOVIE,34.5,Expense,Normal
2022-09-22 16:22:29,2022,9,Public Bank,Transport,,,9.0,Expense,Normal
2022-09-22 16:26:39,2022,9,Cash,Transport,,,2.0,Expense,Normal
2022-09-23 14:42:17,2022,9,Public Bank,Game,Honkai,Battlepass,23.8,Expense,Normal
2022-09-25 07:33:23,2022,9,Cash,Food,,,10.0,Expense,Normal
2022-09-25 11:48:04,2022,9,Cash,Health,Toiletries,Sabun Mandi,20.9,Expense,Normal
2022-09-25 11:50:30,2022,9,Cash,Food,,,8.0,Expense,Normal
2022-09-26 11:24:09,2022,9,Public Bank,Phone,Yoodo,,15.0,Expense,Normal
2022-09-26 16:30:05,2022,9,Public Bank,Transport,,,14.0,Expense,Normal
2022-09-26 16:31:13,2022,9,Cash,Allowance,,,10.0,Income,Normal
2022-09-26 19:00:15,2022,9,Public Bank,Food,,,63.95,Expense,Normal
2022-09-26 20:49:52,2022,9,Public Bank,Game,Honkai,,3.9,Expense,Normal
2022-09-27 12:38:12,2022,9,Public Bank,Food,,,24.41,Expense,Normal
2022-09-28 17:45:50,2022,9,Cash,Food,,,3.0,Expense,Normal
2022-09-28 17:49:45,2022,9,Public Bank,Game,Genshin,Monthly Pass,19.9,Expense,Normal
2022-09-29 07:11:35,2022,9,Public Bank,Phone,Digi,,3.0,Expense,Normal
2022-10-02 14:56:19,2022,10,Cash,Food,,,30.0,Expense,Normal
2022-10-09 18:35:28,2022,10,Cash,Food,,,5.0,Expense,Normal
2022-10-09 22:46:27,2022,10,Public Bank,Phone,Yoodo,,23.0,Expense,Normal
2022-10-12 13:20:44,2022,10,Cash,Food,,,22.9,Expense,Normal
2022-10-12 18:33:11,2022,10,Cash,Transport,,,4.0,Expense,Normal
2022-10-13 11:38:41,2022,10,Public Bank,Other,,Quillbot,6.99,Expense,Normal
2022-10-16 14:14:02,2022,10,Cash,Allowance,,,200.0,Income,Normal
2022-10-18 16:10:48,2022,10,Cash,Food,,,8.4,Expense,Normal
2022-10-18 16:10:58,2022,10,Public Bank,Allowance,,,300.0,Income,Normal
2022-10-20 07:00:29,2022,10,Public Bank,Cash,,TOPUP MAK,10.0,Transfer-Out,Transfer
2022-10-20 10:25:02,2022,10,Cash,Food,,,11.4,Expense,Normal
2022-10-20 12:54:15,2022,10,Public Bank,Game,Arknight,Monthly Pass,21.99,Expense,Normal
2022-10-21 17:57:53,2022,10,Cash,Food,,,13.0,Expense,Normal
2022-10-25 12:10:39,2022,10,Public Bank,Food,,,22.55,Expense,Normal
2022-10-25 12:11:23,2022,10,Cash,Transport,,,7.0,Expense,Normal
2022-10-25 16:18:05,2022,10,Cash,Food,,,3.8,Expense,Normal
2022-10-25 16:23:11,2022,10,Cash,Health,Toiletries,,2.0,Expense,Normal
2022-10-25 17:29:50,2022,10,Cash,Transport,,,7.0,Expense,Normal
2022-10-26 11:32:26,2022,10,Cash,Other,,MOVIE,29.0,Expense,Normal
2022-10-26 12:03:49,2022,10,Public Bank,Phone,Digi,,20.07,Expense,Normal
2022-10-26 12:28:19,2022,10,Public Bank,Food,,,23.0,Expense,Normal
2022-10-26 13:03:12,2022,10,Public Bank,Health,Toiletries,,3.0,Expense,Normal
2022-10-27 10:05:06,2022,10,Cash,Food,,,12.3,Expense,Normal
2022-10-27 16:42:24,2022,10,Public Bank,Game,Honkai,Battlepass,23.9,Expense,Normal
2022-10-27 16:42:38,2022,10,Cash,Food,,,2.5,Expense,Normal
2022-10-28 23:44:47,2022,10,Public Bank,Other,,,40.0,Expense,Normal
2022-10-29 17:07:48,2022,10,Public Bank,Allowance,,,100.0,Income,Normal
2022-10-29 18:43:15,2022,10,Public Bank,Game,Genshin,Monthly Pass,19.9,Expense,Normal
2022-10-29 18:43:38,2022,10,Public Bank,Game,Genshin,Battlepass,39.9,Expense,Normal
2022-10-29 19:40:54,2022,10,Public Bank,Phone,Digi,,10.0,Expense,Normal
2022-10-30 16:29:05,2022,10,Cash,Food,Breakfast,,10.7,Expense,Normal
2022-10-30 18:32:10,2022,10,Public Bank,Phone,Yoodo,,83.0,Expense,Normal
2022-10-30 23:12:53,2022,10,Public Bank,Game,Path to Nowhere,,23.99,Expense,Normal
2022-11-01 12:37:11,2022,11,Cash,Food,Lunch,,8.0,Expense,Normal
2022-11-01 15:12:45,2022,11,Cash,Food,Lunch,,5.9,Expense,Normal
2022-11-02 11:04:44,2022,11,Public Bank,Boost,,,50.0,Transfer-Out,Transfer
2022-11-02 11:13:17,2022,11,Boost,Modified Bal.,,Difference,50.0,Income,Adjustment
2022-11-02 11:13:33,2022,11,Boost,Food,Lunch,,20.9,Expense,Normal
2022-11-03 10:06:46,2022,11,Boost,Food,Lunch,,11.0,Expense,Normal
2022-11-03 12:19:39,2022,11,Boost,Food,Lunch,,12.4,Expense,Normal
2022-11-04 11:20:43,2022,11,Cash,Food,Lunch,,8.25,Expense,Normal
2022-11-04 13:19:04,2022,11,Cash,Food,Lunch,,11.0,Expense,Normal
2022-11-06 14:55:42,2022,11,Public Bank,Food,Lunch,,53.1,Expense,Normal
2022-11-06 15:35:29,2022,11,Public Bank,Health,Gym,,14.9,Expense,Normal
2022-11-06 17:26:11,2022,11,Bank Islam,Apparel,,,119.0,Expense,Normal
2022-11-08 14:17:35,2022,11,Cash,Food,Lunch,,14.8,Expense,Normal
2022-11-09 08:24:28,2022,11,Cash,Food,Breakfast,,5.0,Expense,Normal
2022-11-09 08:24:58,2022,11,Boost,Food,Breakfast,,12.55,Expense,Normal
2022-11-09 11:27:07,2022,11,Cash,Food,Lunch,,9.8,Expense,Normal
2022-11-10 08:21:14,2022,11,Bank Islam,Other,,,15.0,Expense,Normal
2022-11-10 14:56:21,2022,11,Public Bank,Transport,Car,,5.0,Expense,Normal
2022-11-10 17:07:13,2022,11,Cash,Food,Barang Dapur,,2.7,Expense,Normal
2022-11-11 11:51:35,2022,11,Cash,Food,Lunch,,10.0,Expense,Normal
2022-11-11 13:14:52,2022,11,Cash,Food,Lunch,,14.05,Expense,Normal
2022-11-13 08:12:10,2022,11,Cash,Food,Lunch,,3.6,Expense,Normal
2022-11-13 08:19:06,2022,11,Public Bank,Cash,,,100.0,Transfer-Out,Transfer
2022-11-13 13:42:32,2022,11,Bank Islam,Other,,,34.5,Expense,Normal
2022-11-13 17:12:06,2022,11,Bank Islam,Food,Dinner,,22.3,Expense,Normal
2022-11-14 11:22:11,2022,11,Cash,Food,Breakfast,,4.9,Expense,Normal
2022-11-14 11:31:42,2022,11,Cash,Food,Lunch,,13.8,Expense,Normal
2022-11-16 08:48:47,2022,11,Cash,Food,Lunch,,10.5,Expense,Normal
2022-11-16 12:04:38,2022,11,Cash,Food,Lunch,,3.0,Expense,Normal
2022-11-17 15:17:59,2022,11,Cash,Food,Lunch,,24.9,Expense,Normal
2022-11-17 19:44:42,2022,11,Public Bank,Allowance,,,300.0,Income,Normal
2022-11-19 12:03:41,2022,11,Public Bank,Cash,,,150.0,Transfer-Out,Transfer
2022-11-19 12:03:51,2022,11,Bank Islam,Cash,,,50.0,Transfer-Out,Transfer
2022-11-19 13:21:18,2022,11,Cash,Health,Gym,,3.8,Expense,Normal
2022-11-19 13:35:36,2022,11,Cash,Food,Breakfast,,11.4,Expense,Normal
2022-11-19 13:53:47,2022,11,Cash,Other,,,47.1,Expense,Normal
2022-11-19 16:06:02,2022,11,Cash,Food,Barang Dapur,,11.7,Expense,Normal
2022-11-20 14:11:50,2022,11,Cash,Health,Gym,,15.9,Expense,Normal
2022-11-20 17:59:05,2022,11,Public Bank,Food,Dinner,,30.82,Expense,Normal
2022-11-20 18:19:48,2022,11,Public Bank,Food,Dinner,,3.0,Expense,Normal
2022-11-21 17:03:24,2022,11,Cash,Food,Dinner,,15.0,Expense,Normal
2022-11-21 17:06:23,2022,11,Cash,Food,Breakfast,,21.5,Expense,Normal
2022-11-22 11:53:04,2022,11,Cash,Food,Breakfast,,20.0,Expense,Normal
2022-11-22 18:06:33,2022,11,Cash,Food,Dinner,,6.0,Expense,Normal
2022-11-23 11:59:10,2022,11,Cash,Food,Lunch,,5.0,Expense,Normal
2022-11-23 16:45:51,2022,11,Cash,Food,Breakfast,,8.9,Expense,Normal
2022-11-23 17:41:04,2022,11,Cash,Food,Barang Dapur,,1.6,Expense,Normal
2022-11-23 17:43:46,2022,11,Cash,Food,Dinner,,5.0,Expense,Normal
2022-11-24 13:09:17,2022,11,Cash,Food,Lunch,,2.0,Expense,Normal
2022-11-24 18:12:16,2022,11,Cash,Food,Dinner,,7.5,Expense,Normal
2022-11-25 20:52:53,2022,11,Cash,Transport,Car,,10.0,Expense,Normal
2022-11-26 08:20:04,2022,11,Cash,Food,Dinner,,15.0,Expense,Normal
2022-11-26 08:20:10,2022,11,Cash,Food,Breakfast,,7.0,Expense,Normal
2022-11-26 13:59:31,2022,11,Public Bank,Food,Lunch,,25.0,Expense,Normal
2022-11-27 18:21:03,2022,11,Cash,Food,Dinner,,6.5,Expense,Normal
2022-11-29 13:02:40,2022,11,Cash,Food,Lunch,,6.0,Expense,Normal
2022-11-29 18:09:06,2022,11,Cash,Food,Dinner,,6.0,Expense,Normal
2022-11-30 16:11:42,2022,11,Cash,Food,Lunch,,2.0,Expense,Normal
2022-11-30 17:49:35,2022,11,Cash,Food,Dinner,,6.0,Expense,Normal
2022-11-30 18:32:55,2022,11,Public Bank,Boost,,,40.0,Transfer-Out,Transfer
2022-11-30 18:37:14,2022,11,Boost,Other,,,40.0,Expense,Normal
2022-12-01 17:04:39,2022,12,Public Bank,Cash,,,50.0,Transfer-Out,Transfer
2022-12-01 17:04:49,2022,12,Bank Islam,Cash,,,50.0,Transfer-Out,Transfer
2022-12-01 17:29:15,2022,12,Cash,Food,Dinner,,13.0,Expense,Normal
2022-12-02 17:51:13,2022,12,Public Bank,Allowance,,,200.0,Income,Normal
2022-12-02 17:55:05,2022,12,Cash,Food,Dinner,,7.0,Expense,Normal
2022-12-03 05:32:54,2022,12,Public Bank,Game,Honkai,,23.9,Expense,Normal
2022-12-03 06:37:14,2022,12,Public Bank,Phone,Yoodo,,17.0,Expense,Normal
2022-12-03 17:58:24,2022,12,Cash,Food,Dinner,,13.0,Expense,Normal
2022-12-05 16:50:38,2022,12,Bank Islam,Allowance,,,300.0,Income,Normal
2022-12-05 17:32:05,2022,12,Bank Islam,Phone,Digi,,117.27,Expense,Normal
2022-12-05 18:11:06,2022,12,Cash,Other,,,8.0,Expense,Normal
2022-12-06 18:17:29,2022,12,Cash,Food,Dinner,,12.5,Expense,Normal
2022-12-06 20:38:41,2022,12,Public Bank,Game,Azurlane,,33.98,Expense,Normal
2022-12-07 12:15:20,2022,12,Cash,Food,Lunch,,8.0,Expense,Normal
2022-12-07 17:57:37,2022,12,Cash,Food,Dinner,,9.5,Expense,Normal
2022-12-07 17:57:43,2022,12,Cash,Food,Dinner,,1.8,Expense,Normal
2022-12-08 17:45:08,2022,12,Cash,Food,Dinner,,7.5,Expense,Normal
2022-12-08 22:09:36,2022,12,Bank Islam,Other,,,40.0,Expense,Normal
2022-12-09 13:13:47,2022,12,Cash,Food,Lunch,,12.0,Expense,Normal
2022-12-09 17:49:47,2022,12,Cash,Food,Dinner,,4.0,Expense,Normal
2022-12-09 18:00:59,2022,12,Public Bank,Game,Genshin,,19.9,Expense,Normal
2022-12-10 12:39:25,2022,12,Public Bank,Food,Breakfast,,107.2,Expense,Normal
2022-12-10 13:12:12,2022,12,Bank Islam,Cash,,,100.0,Transfer-Out,Transfer
2022-12-10 18:14:46,2022,12,Cash,Food,Dinner,,5.0,Expense,Normal
2022-12-11 13:37:11,2022,12,Cash,Food,Lunch,,12.0,Expense,Normal
2022-12-11 18:14:33,2022,12,Cash,Food,Dinner,,6.0,Expense,Normal
2022-12-11 18:14:39,2022,12,Public Bank,Allowance,,,200.0,Income,Normal
2022-12-12 12:48:08,2022,12,Cash,Food,Lunch,,14.0,Expense,Normal
2022-12-12 18:14:02,2022,12,Cash,Food,Dinner,,6.5,Expense,Normal
2022-12-13 13:15:42,2022,12,Cash,Food,Lunch,,19.0,Expense,Normal
2022-12-14 11:55:29,2022,12,Cash,Food,Lunch,,6.0,Expense,Normal
2022-12-14 18:30:47,2022,12,Cash,Food,Dinner,,8.5,Expense,Normal
2022-12-16 08:19:35,2022,12,Public Bank,Food,Dinner,,72.96,Expense,Normal
2022-12-16 13:08:09,2022,12,Cash,Food,Lunch,,7.0,Expense,Normal
2022-12-16 18:09:34,2022,12,Cash,Food,Dinner,,6.0,Expense,Normal
2022-12-17 12:44:51,2022,12,Public Bank,Allowance,,,25.0,Income,Normal
2022-12-17 16:27:42,2022,12,Public Bank,Allowance,,,200.0,Income,Normal
2022-12-17 16:38:05,2022,12,Public Bank,Boost,,,40.0,Transfer-Out,Transfer
2022-12-17 17:51:09,2022,12,Boost,Food,Dinner,,27.4,Expense,Normal
2022-12-18 12:22:53,2022,12,Cash,Food,Lunch,,6.0,Expense,Normal
2022-12-18 18:07:12,2022,12,Cash,Food,Dinner,,6.0,Expense,Normal
2022-12-19 07:59:02,2022,12,Bank Islam,Allowance,,,250.0,Income,Normal
2022-12-19 11:53:20,2022,12,Boost,Food,Lunch,,4.0,Expense,Normal
2022-12-19 18:12:09,2022,12,Boost,Food,Dinner,,8.5,Expense,Normal
2022-12-20 11:47:45,2022,12,Public Bank,Boost,,,20.0,Transfer-Out,Transfer
2022-12-20 12:08:18,2022,12,Boost,Food,Lunch,,6.0,Expense,Normal
2022-12-20 17:37:48,2022,12,Public Bank,Cash,,,100.0,Transfer-Out,Transfer
2022-12-20 17:37:56,2022,12,Bank Islam,Cash,,,100.0,Transfer-Out,Transfer
2022-12-20 17:43:35,2022,12,Cash,Food,Barang Dapur,,18.2,Expense,Normal
2022-12-20 17:55:27,2022,12,Cash,Food,Dinner,,9.0,Expense,Normal
2022-12-21 18:10:02,2022,12,Cash,Food,Dinner,,9.5,Expense,Normal
2022-12-22 10:23:09,2022,12,Boost,Food,Lunch,,4.8,Expense,Normal
2022-12-22 16:51:38,2022,12,Cash,Food,Barang Dapur,,16.85,Expense,Normal
2022-12-22 17:55:53,2022,12,Cash,Food,Dinner,,15.0,Expense,Normal
2022-12-23 13:04:32,2022,12,Cash,Food,Lunch,,11.0,Expense,Normal
2022-12-23 17:39:19,2022,12,Cash,Food,Dinner,,8.5,Expense,Normal
2022-12-23 17:51:20,2022,12,Cash,Food,Dinner,,3.0,Expense,Normal
2022-12-24 16:25:33,2022,12,Boost,Phone,Yoodo,,7.0,Expense,Normal
2022-12-24 21:21:59,2022,12,Public Bank,Phone,Yoodo,,15.0,Expense,Normal
2022-12-25 13:11:58,2022,12,Cash,Other,,,1.65,Expense,Normal
2022-12-25 14:34:54,2022,12,Public Bank,Food,Lunch,,23.3,Expense,Normal
2022-12-25 16:07:32,2022,12,Cash,Food,Barang Dapur,,7.7,Expense,Normal
2022-12-26 12:00:05,2022,12,Public Bank,Cash,,,100.0,Transfer-Out,Transfer
2022-12-26 12:00:12,2022,12,Bank Islam,Cash,,,100.0,Transfer-Out,Transfer
2022-12-26 12:44:51,2022,12,Cash,Apparel,Clothing,,89.9,Expense,Normal
2022-12-26 13:47:34,2022,12,Public Bank,Food,Lunch,,44.05,Expense,Normal
2022-12-27 13:15:58,2022,12,Cash,Food,Lunch,,5.0,Expense,Normal
2022-12-27 18:25:39,2022,12,Cash,Food,Dinner,,4.0,Expense,Normal
2022-12-28 17:58:18,2022,12,Cash,Food,Dinner,,10.0,Expense,Normal
2022-12-29 17:50:54,2022,12,Public Bank,Phone,Yoodo,,25.0,Expense,Normal
2022-12-30 10:25:28,2022,12,Cash,Allowance,,,15.0,Income,Normal
2022-12-30 10:25:37,2022,12,Cash,Food,Barang Dapur,,42.05,Expense,Normal
2022-12-30 18:25:58,2022,12,Cash,Food,Dinner,,11.5,Expense,Normal
2022-12-31 12:21:37,2022,12,Cash,Food,Lunch,,8.0,Expense,Normal
2022-12-31 18:06:39,2022,12,Cash,Food,Dinner,,9.0,Expense,Normal
2023-01-02 17:35:45,2023,1,Public Bank,Allowance,,,100.0,Income,Normal
2023-01-04 17:38:23,2023,1,Boost,Food,Lunch,,4.0,Expense,Normal
2023-01-04 17:38:57,2023,1,Cash,Food,Lunch,,6.0,Expense,Normal
2023-01-04 18:07:06,2023,1,Cash,Food,Dinner,,9.5,Expense,Normal
2023-01-05 17:35:52,2023,1,Cash,Food,Dinner,,13.0,Expense,Normal
2023-01-05 18:03:21,2023,1,Cash,Food,Dinner,,4.0,Expense,Normal
2023-01-05 23:25:37,2023,1,Public Bank,Game,Azurlane,,29.9,Expense,Normal
2023-01-06 09:03:19,2023,1,Public Bank,Game,Arknight,,21.99,Expense,Normal
2023-01-06 13:13:23,2023,1,Cash,Food,Lunch,,10.0,Expense,Normal
2023-01-06 17:50:47,2023,1,Cash,Food,Barang Dapur,,8.8,Expense,Normal
2023-01-06 17:54:27,2023,1,Cash,Food,Dinner,,5.5,Expense,Normal
2023-01-06 17:55:55,2023,1,Cash,Food,Dinner,,4.0,Expense,Normal
2023-01-07 07:42:28,2023,1,Public Bank,Allowance,,,100.0,Income,Normal
2023-01-07 13:02:45,2023,1,Cash,Food,Lunch,,8.0,Expense,Normal
2023-01-07 18:15:08,2023,1,Cash,Food,Dinner,,6.0,Expense,Normal
2023-01-08 11:43:01,2023,1,Cash,Food,Lunch,,8.0,Expense,Normal
2023-01-08 18:16:28,2023,1,Cash,Food,Dinner,,6.5,Expense,Normal
2023-01-09 16:12:10,2023,1,Cash,Allowance,,,70.0,Income,Normal
2023-01-09 18:03:05,2023,1,Cash,Food,Dinner,,6.5,Expense,Normal
2023-01-10 12:54:55,2023,1,Cash,Food,Lunch,,11.5,Expense,Normal
2023-01-10 18:13:02,2023,1,Cash,Food,Dinner,,8.5,Expense,Normal
2023-01-11 11:35:49,2023,1,Cash,Food,Lunch,,5.0,Expense,Normal
2023-01-11 11:35:59,2023,1,Cash,Other,,,3.0,Expense,Normal
2023-01-12 07:12:54,2023,1,Cash,Food,Breakfast,,9.7,Expense,Normal
2023-01-12 17:15:50,2023,1,Cash,Food,Lunch,,8.0,Expense,Normal
2023-01-12 17:41:53,2023,1,Public Bank,Cash,,,50.0,Transfer-Out,Transfer
2023-01-12 17:42:08,2023,1,Bank Islam,Cash,,,50.0,Transfer-Out,Transfer
2023-01-12 17:51:20,2023,1,Cash,Food,Dinner,,11.0,Expense,Normal
2023-01-12 17:54:19,2023,1,Cash,Food,Dinner,,4.0,Expense,Normal
2023-01-13 13:10:54,2023,1,Cash,Food,Lunch,,9.0,Expense,Normal
2023-01-13 17:48:20,2023,1,Cash,Food,Dinner,,15.0,Expense,Normal
2023-01-13 17:55:03,2023,1,Cash,Food,Barang Dapur,,24.0,Expense,Normal
2023-01-14 08:46:53,2023,1,Bank Islam,Allowance,,,200.0,Income,Normal
2023-01-14 12:34:58,2023,1,Cash,Food,Lunch,,8.0,Expense,Normal
2023-01-14 18:27:23,2023,1,Cash,Food,Dinner,,5.0,Expense,Normal
2023-01-15 14:13:45,2023,1,Public Bank,Boost,,,20.0,Transfer-Out,Transfer
2023-01-15 14:13:52,2023,1,Boost,Food,Lunch,,6.5,Expense,Normal
2023-01-15 18:06:38,2023,1,Cash,Food,Dinner,,5.0,Expense,Normal
2023-01-15 22:58:00,2023,1,Boost,Other,,,8.0,Expense,Normal
2023-01-16 07:50:46,2023,1,Public Bank,Game,Honkai,,23.9,Expense,Normal
2023-01-16 18:05:04,2023,1,Boost,Food,Dinner,,4.0,Expense,Normal
2023-01-16 18:05:04,2023,1,Cash,Food,Dinner,,5.0,Expense,Normal
2023-01-17 11:04:33,2023,1,Bank Islam,Allowance,,,300.0,Income,Normal
2023-01-17 14:02:03,2023,1,Public Bank,Boost,,,20.0,Transfer-Out,Transfer
2023-01-17 14:02:12,2023,1,Boost,Food,Lunch,,4.0,Expense,Normal
2023-01-17 14:02:20,2023,1,Cash,Food,Lunch,,5.0,Expense,Normal
2023-01-18 14:02:20,2023,1,Cash,Food,Dinner,,3.0,Expense,Normal
2023-01-18 14:02:20,2023,1,Cash,Food,Drink,,4.0,Expense,Normal
2023-01-19 11:47:42,2023,1,Cash,Food,Lunch,,5.0,Expense,Normal
2023-01-19 11:47:49,2023,1,Cash,Food,Drink,,3.0,Expense,Normal
2023-01-19 15:41:19,2023,1,Public Bank,Game,Genshin,Monthly Pass,19.9,Expense,Normal
2023-01-19 17:43:36,2023,1,Public Bank,Cash,,,100.0,Transfer-Out,Transfer
2023-01-19 17:44:03,2023,1,Bank Islam,Cash,,,50.0,Transfer-Out,Transfer
2023-01-19 18:10:03,2023,1,Cash,Food,Dinner,,19.0,Expense,Normal
2023-01-19 18:10:18,2023,1,Cash,Food,Dinner,,3.0,Expense,Normal
2023-01-20 13:18:40,2023,1,Cash,Food,Lunch,,10.0,Expense,Normal
2023-01-20 18:22:22,2023,1,Cash,Food,Dinner,,5.5,Expense,Normal
2023-01-20 18:22:39,2023,1,Cash,Food,Drink,,4.0,Expense,Normal
2023-01-21 12:37:22,2023,1,Cash,Food,Lunch,,3.5,Expense,Normal
2023-01-21 17:50:11,2023,1,Cash,Food,Dinner,,2.5,Expense,Normal
2023-01-21 17:50:20,2023,1,Cash,Food,Dinner,,4.0,Expense,Normal
2023-01-24 10:34:04,2023,1,Cash,Apparel,Clothing,,20.0,Expense,Normal
2023-01-24 10:38:48,2023,1,Cash,Food,Drink,,11.3,Expense,Normal
2023-01-24 11:13:07,2023,1,Cash,Food,Barang Dapur,,9.4,Expense,Normal
2023-01-25 19:02:18,2023,1,Cash,Food,Dinner,,5.0,Expense,Normal
2023-01-26 17:27:49,2023,1,Cash,Food,Dinner,,5.0,Expense,Normal
2023-01-26 17:31:01,2023,1,Cash,Food,Dinner,,9.0,Expense,Normal
2023-01-26 17:34:34,2023,1,Cash,Food,Dinner,,3.0,Expense,Normal
2023-01-26 23:59:31,2023,1,Public Bank,Phone,Yoodo,,63.0,Expense,Normal
2023-01-27 13:58:34,2023,1,Cash,Food,Lunch,,5.0,Expense,Normal
2023-01-27 13:58:40,2023,1,Cash,Food,Drink,,4.0,Expense,Normal
2023-01-28 12:12:46,2023,1,Cash,Food,Dinner,,6.0,Expense,Normal
2023-01-29 12:12:46,2023,1,Cash,Food,Lunch,,3.5,Expense,Normal
2023-01-29 17:57:38,2023,1,Cash,Food,Dinner,,5.0,Expense,Normal
2023-01-30 17:51:26,2023,1,Cash,Food,Dinner,,6.5,Expense,Normal
2023-01-31 12:42:15,2023,1,Cash,Food,Lunch,,5.0,Expense,Normal
2023-01-31 17:42:41,2023,1,Cash,Food,Dinner,,5.0,Expense,Normal
2023-01-31 17:56:22,2023,1,Cash,Food,Drink,,4.0,Expense,Normal
2023-01-31 20:36:34,2023,1,Public Bank,Allowance,,,200.0,Income,Normal
2023-02-01 12:31:22,2023,2,Cash,Food,Lunch,,4.0,Expense,Normal
2023-02-01 12:31:30,2023,2,Cash,Food,Breakfast,,4.0,Expense,Normal
2023-02-01 18:08:37,2023,2,Cash,Food,Dinner,,5.5,Expense,Normal
2023-02-01 18:08:44,2023,2,Cash,Food,Drink,,1.0,Expense,Normal
2023-02-02 05:21:33,2023,2,Public Bank,Game,Blue Archive,,14.99,Expense,Normal
2023-02-02 17:34:13,2023,2,Public Bank,Cash,,,50.0,Transfer-Out,Transfer
2023-02-02 17:34:24,2023,2,Bank Islam,Cash,,,100.0,Transfer-Out,Transfer
2023-02-02 17:41:15,2023,2,Cash,Food,Dinner,,2.0,Expense,Normal
2023-02-02 17:54:34,2023,2,Cash,Food,Drink,,1.0,Expense,Normal
2023-02-02 18:25:57,2023,2,Public Bank,Food,Dinner,,44.52,Expense,Normal
2023-02-03 13:21:25,2023,2,Cash,Food,Lunch,,5.0,Expense,Normal
2023-02-03 13:21:33,2023,2,Cash,Food,Drink,,3.0,Expense,Normal
2023-02-03 18:05:06,2023,2,Cash,Food,Dinner,,5.5,Expense,Normal
2023-02-04 17:57:51,2023,2,Cash,Food,Dinner,,4.0,Expense,Normal
2023-02-04 17:57:57,2023,2,Cash,Food,Drink,,3.0,Expense,Normal
2023-02-06 10:16:06,2023,2,Cash,Health,Medicine,,50.0,Expense,Normal
2023-02-06 18:17:21,2023,2,Cash,Food,Lunch,,10.0,Expense,Normal
2023-02-06 18:17:58,2023,2,Cash,Food,Barang Dapur,,8.0,Expense,Normal
2023-02-06 18:23:03,2023,2,Cash,Food,Dinner,,6.5,Expense,Normal
2023-02-06 18:32:46,2023,2,Cash,Food,Dinner,,2.8,Expense,Normal
2023-02-07 11:35:11,2023,2,Bank Islam,Cash,,,100.0,Transfer-Out,Transfer
2023-02-07 11:58:02,2023,2,Cash,Food,Lunch,,5.5,Expense,Normal
2023-02-07 12:08:06,2023,2,Cash,Food,Lunch,,4.0,Expense,Normal
2023-02-07 12:08:11,2023,2,Cash,Food,Drink,,6.0,Expense,Normal
2023-02-07 18:10:08,2023,2,Cash,Food,Dinner,,5.5,Expense,Normal
2023-02-07 18:10:14,2023,2,Cash,Food,Drink,,2.0,Expense,Normal
2023-02-08 10:45:28,2023,2,Cash,Other,,,3.0,Expense,Normal
2023-02-08 11:34:44,2023,2,Cash,Food,Lunch,,5.0,Expense,Normal
2023-02-08 11:34:49,2023,2,Cash,Food,Drink,,1.0,Expense,Normal
2023-02-08 17:06:15,2023,2,Public Bank,Cash,,,100.0,Transfer-Out,Transfer
2023-02-08 17:06:42,2023,2,Bank Islam,Cash,,,100.0,Transfer-Out,Transfer
2023-02-08 17:11:24,2023,2,Cash,Food,Barang Dapur,,29.4,Expense,Normal
2023-02-08 18:01:42,2023,2,Cash,Food,Dinner,,5.0,Expense,Normal
2023-02-08 18:01:50,2023,2,Cash,Food,Drink,,1.0,Expense,Normal
2023-02-09 12:40:59,2023,2,Cash,Food,Lunch,,7.0,Expense,Normal
2023-02-09 17:54:49,2023,2,Cash,Food,Dinner,,5.0,Expense,Normal
2023-02-09 17:54:53,2023,2,Cash,Food,Drink,,1.0,Expense,Normal
2023-02-10 15:54:28,2023,2,Cash,Food,Barang Dapur,,24.4,Expense,Normal
2023-02-11 12:35:33,2023,2,Cash,Food,Lunch,,10.0,Expense,Normal
2023-02-11 12:35:41,2023,2,Cash,Food,Drink,,1.0,Expense,Normal
2023-02-11 18:02:59,2023,2,Cash,Food,Dinner,,5.0,Expense,Normal
2023-02-11 18:03:04,2023,2,Cash,Food,Drink,,1.0,Expense,Normal
2023-02-12 18:28:29,2023,2,Cash,Food,Dinner,,5.0,Expense,Normal
2023-02-12 18:28:38,2023,2,Cash,Food,Drink,,1.0,Expense,Normal
2023-02-13 11:23:26,2023,2,Cash,Food,Dinner,,5.5,Expense,Normal
2023-02-14 11:23:38,2023,2,Cash,Food,Drink,,1.0,Expense,Normal
2023-02-14 11:31:15,2023,2,Cash,Food,Drink,,1.0,Expense,Normal
2023-02-14 11:31:21,2023,2,Cash,Food,Lunch,,2.5,Expense,Normal
2023-02-14 16:56:44,2023,2,Cash,Other,,,30.0,Expense,Normal
2023-02-14 17:00:49,2023,2,Cash,Food,Dinner,,7.5,Expense,Normal
2023-02-15 11:03:35,2023,2,Cash,Transport,GrabCar,,5.0,Expense,Normal
2023-02-15 12:24:43,2023,2,Cash,Transport,GrabCar,,4.5,Expense,Normal
2023-02-15 12:26:23,2023,2,Cash,Food,Lunch,,7.5,Expense,Normal
2023-02-15 12:27:34,2023,2,Cash,Food,Lunch,,5.0,Expense,Normal
2023-02-15 12:27:42,2023,2,Cash,Food,Drink,,1.0,Expense,Normal
2023-02-16 18:13:34,2023,2,Cash,Food,Lunch,,5.0,Expense,Normal
2023-02-16 18:13:47,2023,2,Cash,Food,Drink,,1.0,Expense,Normal
2023-02-16 18:13:52,2023,2,Cash,Food,Dinner,,38.07,Expense,Normal
2023-02-16 21:39:28,2023,2,Public Bank,Allowance,,,50.0,Income,Normal
2023-02-16 21:52:00,2023,2,Public Bank,Game,Honkai,,23.9,Expense,Normal
2023-02-17 13:46:15,2023,2,Cash,Food,Lunch,,3.0,Expense,Normal
2023-02-17 13:46:22,2023,2,Cash,Food,Drink,,4.0,Expense,Normal
2023-02-17 13:46:28,2023,2,Bank Islam,Allowance,,,30.0,Income,Normal
2023-02-17 17:53:52,2023,2,Public Bank,Modified Bal.,,Difference,758.37,Income,Adjustment
2023-02-17 18:04:16,2023,2,Cash,Food,Dinner,,10.5,Expense,Normal
2023-02-17 18:04:27,2023,2,Cash,Food,Dinner,,1.0,Expense,Normal
2023-02-17 18:04:57,2023,2,Cash,Modified Bal.,,Difference,270.33,Expense,Adjustment
2023-02-17 19:36:51,2023,2,Public Bank,Game,Honkai,,4.9,Expense,Normal
2023-02-17 22:30:55,2023,2,Bank Islam,Modified Bal.,,Difference,112.06,Income,Adjustment
2023-02-18 13:14:53,2023,2,Public Bank,Other,,,32.0,Expense,Normal
2023-02-18 13:24:41,2023,2,Public Bank,Food,Lunch,,23.3,Expense,Normal
2023-02-18 16:15:05,2023,2,Bank Islam,Cash,,,100.0,Transfer-Out,Transfer
2023-02-18 16:15:17,2023,2,Public Bank,Cash,,,50.0,Transfer-Out,Transfer
2023-02-18 16:16:00,2023,2,Public Bank,Food,Barang Dapur,,13.25,Expense,Normal
2023-02-19 11:45:09,2023,2,Boost,Food,Lunch,,3.5,Expense,Normal
2023-02-19 11:45:19,2023,2,Boost,Food,Drink,,1.0,Expense,Normal
2023-02-19 13:25:46,2023,2,Cash,Food,Lunch,,3.0,Expense,Normal
2023-02-19 16:45:45,2023,2,Cash,Other,,,3.0,Expense,Normal
2023-02-19 21:30:49,2023,2,Cash,Food,Dinner,,2.5,Expense,Normal
2023-02-19 21:31:05,2023,2,Cash,Food,Drink,,4.0,Expense,Normal
2023-02-20 12:01:20,2023,2,Cash,Food,Lunch,,3.0,Expense,Normal
2023-02-20 12:01:35,2023,2,Cash,Food,Drink,,1.0,Expense,Normal
2023-02-20 17:44:53,2023,2,Cash,Food,Dinner,,10.0,Expense,Normal
2023-02-21 11:11:45,2023,2,Public Bank,Transport,GrabCar,,5.0,Expense,Normal
2023-02-21 11:25:49,2023,2,Public Bank,Transport,GrabCar,,5.0,Expense,Normal
2023-02-21 12:44:45,2023,2,Cash,Food,Barang Dapur,,23.1,Expense,Normal
2023-02-21 14:18:05,2023,2,Cash,Food,Drink,,2.5,Expense,Normal
2023-02-21 14:18:11,2023,2,Cash,Food,Lunch,,10.0,Expense,Normal
2023-02-21 21:36:19,2023,2,Cash,Food,Dinner,,5.0,Expense,Normal
2023-02-21 21:36:25,2023,2,Cash,Food,Drink,,1.0,Expense,Normal
2023-02-21 21:36:32,2023,2,Public Bank,Allowance,,,50.0,Income,Normal
2023-02-23 18:06:17,2023,2,Boost,Food,Drink,,4.0,Expense,Normal
2023-02-23 18:06:32,2023,2,Cash,Food,Dinner,,5.5,Expense,Normal
2023-02-24 12:31:53,2023,2,Public Bank,Other,,Bayar print FYP,150.0,Income,Normal
2023-02-24 12:32:15,2023,2,Bank Islam,Allowance,,,200.0,Income,Normal
2023-02-24 13:28:42,2023,2,Cash,Food,Lunch,,12.5,Expense,Normal
2023-02-24 13:28:49,2023,2,Cash,Food,Drink,,2.0,Expense,Normal
2023-02-24 18:03:58,2023,2,Cash,Food,Dinner,,5.0,Expense,Normal
2023-02-25 23:03:43,2023,2,Public Bank,Other,,Bayar print FYP,129.0,Expense,Normal
2023-02-25 23:03:59,2023,2,Bank Islam,Public Bank,,,150.0,Transfer-Out,Transfer
2023-02-27 13:19:02,2023,2,Public Bank,Other,,Print,10.0,Expense,Normal
2023-02-27 13:19:16,2023,2,Public Bank,Transport,GrabCar,,14.0,Expense,Normal
2023-02-27 14:06:09,2023,2,Cash,Other,,,8.4,Expense,Normal
2023-02-27 14:18:50,2023,2,Cash,Transport,Bus,,2.0,Expense,Normal
2023-02-28 00:36:02,2023,2,Bank Islam,Allowance,,,8.0,Income,Normal
2023-03-01 11:58:59,2023,3,Bank Islam,Cash,,,50.0,Transfer-Out,Transfer
2023-03-01 13:03:15,2023,3,Public Bank,Transport,GrabCar,,7.0,Expense,Normal
2023-03-01 21:06:16,2023,3,Cash,Transport,Bus,,4.0,Expense,Normal
2023-03-01 21:06:23,2023,3,Cash,Food,Lunch,,24.9,Expense,Normal
2023-03-04 21:15:50,2023,3,Cash,Health,Gym,,10.0,Expense,Normal
2023-03-04 21:15:50,2023,3,Cash,Food,Dinner,,11.0,Expense,Normal
2023-03-05 08:42:32,2023,3,Cash,Food,Breakfast,,16.4,Expense,Normal
2023-03-06 13:06:08,2023,3,Public Bank,Food,Lunch,,26.57,Expense,Normal
2023-03-06 21:00:21,2023,3,Bank Islam,Cash,,,50.0,Transfer-Out,Transfer
2023-03-06 21:00:29,2023,3,Cash,Transport,GrabCar,,14.0,Expense,Normal
2023-03-09 09:55:45,2023,3,Bank Islam,Allowance,,,50.0,Income,Normal
2023-03-09 09:55:55,2023,3,Cash,Food,Drink,,4.0,Expense,Normal
2023-03-09 17:42:42,2023,3,Bank Islam,Apparel,Fashion,,19.35,Expense,Normal
2023-03-09 17:42:52,2023,3,Cash,Other,,,10.0,Expense,Normal
2023-03-09 17:46:58,2023,3,Cash,Health,Medicine,,4.0,Expense,Normal
2023-03-10 22:19:51,2023,3,Cash,Other,,,10.0,Expense,Normal
2023-03-10 22:19:51,2023,3,Cash,Food,Drink,,5.0,Expense,Normal
2023-03-11 05:47:39,2023,3,Bank Islam,Allowance,,,200.0,Income,Normal
2023-03-13 10:51:18,2023,3,Public Bank,Transport,GrabCar,,5.0,Expense,Normal
2023-03-13 10:51:25,2023,3,Cash,Transport,Bus,,1.0,Expense,Normal
2023-03-13 10:51:51,2023,3,Cash,Transport,Minyak,,10.0,Expense,Normal
2023-03-13 10:56:38,2023,3,Public Bank,Other,,,26.0,Expense,Normal
2023-03-13 13:43:36,2023,3,Public Bank,Food,Lunch,,24.5,Expense,Normal
2023-03-13 14:15:01,2023,3,Bank Islam,Cash,,,50.0,Transfer-Out,Transfer
2023-03-13 14:25:28,2023,3,Public Bank,Transport,GrabCar,,6.0,Expense,Normal
2023-03-13 14:39:53,2023,3,Cash,Transport,Bus,,2.0,Expense,Normal
2023-03-13 15:15:54,2023,3,Cash,Food,Barang Dapur,,4.6,Expense,Normal
2023-03-14 10:49:54,2023,3,Cash,Other,,,15.0,Expense,Normal
2023-03-15 21:00:05,2023,3,Cash,Transport,Bus,,2.0,Expense,Normal
2023-03-16 20:54:15,2023,3,Cash,Transport,GrabCar,,2.0,Expense,Normal
2023-03-18 17:02:36,2023,3,Public Bank,Allowance,,,200.0,Income,Normal
2023-03-18 17:02:45,2023,3,Public Bank,Cash,,,150.0,Transfer-Out,Transfer
2023-03-18 17:02:51,2023,3,Bank Islam,Cash,,,100.0,Transfer-Out,Transfer
2023-03-18 18:15:55,2023,3,Cash,Apparel,Shoes,,179.0,Expense,Normal
2023-03-19 14:23:19,2023,3,Cash,Food,Breakfast,,1.85,Expense,Normal
2023-03-19 14:23:27,2023,3,Cash,Food,Drink,,15.0,Expense,Normal
2023-03-19 14:50:54,2023,3,Cash,Food,Lunch,,29.95,Expense,Normal
2023-03-19 14:58:46,2023,3,Cash,Food,Barang Dapur,,1.25,Expense,Normal
2023-03-21 11:56:22,2023,3,Public Bank,Transport,GrabCar,,7.0,Expense,Normal
2023-03-21 12:56:19,2023,3,Bank Islam,Food,Lunch,,24.5,Expense,Normal
2023-03-21 13:50:53,2023,3,Public Bank,Transport,GrabCar,,6.0,Expense,Normal
2023-03-21 13:51:02,2023,3,Cash,Transport,Bus,,4.0,Expense,Normal
2023-03-22 23:34:01,2023,3,Public Bank,Game,Azurlane,,29.99,Expense,Normal
2023-03-24 13:56:17,2023,3,Public Bank,Allowance,,,300.0,Income,Normal
2023-03-24 17:56:03,2023,3,Cash,Food,Dinner,,6.0,Expense,Normal
2023-03-24 17:56:10,2023,3,Cash,Food,Drink,,4.3,Expense,Normal
2023-03-25 04:56:14,2023,3,Public Bank,Phone,Yoodo,,15.0,Expense,Normal
2023-03-25 15:58:55,2023,3,Cash,Transport,Bus,,3.0,Expense,Normal
2023-03-25 23:23:46,2023,3,Public Bank,Phone,Yoodo,,83.0,Expense,Normal
2023-03-26 13:14:57,2023,3,Public Bank,Other,,,20.5,Expense,Normal
2023-03-26 17:13:32,2023,3,Cash,Food,Dinner,,10.0,Expense,Normal
2023-03-26 17:14:07,2023,3,Cash,Food,Drink,,6.0,Expense,Normal
2023-03-28 20:47:35,2023,3,Cash,Transport,Bus,,4.0,Expense,Normal
2023-03-28 20:47:40,2023,3,Public Bank,Game,Path to Nowhere,,23.99,Expense,Normal
2023-03-31 07:06:43,2023,3,Cash,Transport,Bus,,6.0,Expense,Normal
2023-03-31 22:58:15,2023,3,Bank Islam,Allowance,,,200.0,Income,Normal
2023-04-01 23:25:52,2023,4,Public Bank,Game,Azurlane,,19.99,Expense,Normal
2023-04-01 23:26:02,2023,4,Cash,Allowance,,,100.0,Income,Normal
2023-04-02 17:13:20,2023,4,Cash,Health,Toiletries,,16.15,Expense,Normal
2023-04-04 17:10:04,2023,4,Cash,Transport,Bus,,4.0,Expense,Normal
2023-04-06 07:08:11,2023,4,Cash,Transport,Bus,,4.0,Expense,Normal
2023-04-08 10:41:21,2023,4,Cash,Health,Toiletries,,34.2,Expense,Normal
2023-04-08 19:31:47,2023,4,Cash,Food,Dinner,,6.0,Expense,Normal
2023-04-09 10:25:38,2023,4,Public Bank,Other,,LESEN KETA,60.0,Expense,Normal
2023-04-09 21:57:53,2023,4,Bank Islam,Cash,,,100.0,Transfer-Out,Transfer
2023-04-14 20:46:23,2023,4,Public Bank,Allowance,,,200.0,Income,Normal
2023-04-14 20:46:45,2023,4,Cash,Transport,Bus,,12.0,Expense,Normal
2023-04-18 04:25:21,2023,4,Cash,Transport,Bus,,4.0,Expense,Normal
2023-04-18 04:25:33,2023,4,Public Bank,Phone,Maxis,,10.0,Expense,Normal
2023-04-19 14:38:24,2023,4,Cash,Allowance,,,50.0,Income,Normal
2023-04-19 14:38:34,2023,4,Public Bank,Game,Blue Archive,,14.99,Expense,Normal
2023-04-19 20:41:55,2023,4,Cash,Transport,Bus,,10.0,Expense,Normal
2023-04-20 10:58:52,2023,4,Public Bank,Game,Blue Archive,,34.99,Expense,Normal
2023-04-20 14:09:03,2023,4,Cash,Allowance,,,55.0,Income,Normal
2023-04-24 18:26:59,2023,4,Cash,Transport,Kereta,,20.0,Expense,Normal
2023-04-25 10:06:49,2023,4,Cash,Allowance,,,450.0,Income,Normal
2023-04-25 10:07:53,2023,4,Public Bank,Phone,Yoodo,,23.0,Expense,Normal
2023-04-25 13:32:59,2023,4,Bank Islam,ASB,,,200.0,Transfer-Out,Transfer
2023-04-26 10:05:03,2023,4,Cash,Bank Islam,,,400.0,Transfer-Out,Transfer
2023-04-26 10:42:05,2023,4,Public Bank,Transport,GrabCar,,5.0,Expense,Normal
2023-04-26 11:47:57,2023,4,Cash,Food,Barang Dapur,,3.9,Expense,Normal
2023-04-26 12:01:21,2023,4,Cash,Food,Drink,,5.0,Expense,Normal
2023-04-26 12:40:15,2023,4,Cash,Transport,Bus,,4.0,Expense,Normal
2023-04-26 16:44:52,2023,4,Public Bank,Game,Azurlane,,27.99,Expense,Normal
2023-04-27 13:03:37,2023,4,Cash,Food,Lunch,,10.5,Expense,Normal
2023-04-28 11:55:38,2023,4,Public Bank,Transport,GrabCar,,9.0,Expense,Normal
2023-04-28 11:55:47,2023,4,Cash,Transport,Bus,,4.0,Expense,Normal
2023-04-28 13:40:16,2023,4,Cash,Food,Lunch,,9.5,Expense,Normal
2023-04-28 13:49:30,2023,4,Public Bank,Transport,GrabCar,,7.0,Expense,Normal
2023-05-01 00:20:02,2023,5,Cash,Food,Drink,,3.4,Expense,Normal
2023-05-01 00:20:09,2023,5,Public Bank,Phone,Yoodo,,15.0,Expense,Normal
2023-05-01 11:11:54,2023,5,Cash,Other,,,15.0,Expense,Normal
2023-05-01 11:12:01,2023,5,Cash,Food,Barang Dapur,,11.1,Expense,Normal
2023-05-03 13:12:00,2023,5,Cash,Food,Lunch,,2.0,Expense,Normal
2023-05-03 13:12:05,2023,5,Cash,Transport,Bus,,4.0,Expense,Normal
2023-05-03 15:06:08,2023,5,Cash,Food,Lunch,,10.0,Expense,Normal
2023-05-03 23:31:43,2023,5,Public Bank,Game,Star Rail,,19.9,Expense,Normal
2023-05-04 07:32:13,2023,5,Cash,Food,Breakfast,,10.3,Expense,Normal
2023-05-04 17:52:48,2023,5,Cash,Food,Barang Dapur,,19.55,Expense,Normal
2023-05-05 21:59:43,2023,5,Bank Islam,Public Bank,,,100.0,Transfer-Out,Transfer
2023-05-06 10:53:15,2023,5,Public Bank,Game,Star Rail,,39.9,Expense,Normal
2023-05-06 14:16:44,2023,5,Cash,Apparel,,,13.0,Expense,Normal
2023-05-06 14:56:47,2023,5,Public Bank,Other,,,35.5,Expense,Normal
2023-05-06 17:58:37,2023,5,Cash,Food,Dinner,,22.5,Expense,Normal
2023-05-06 18:17:58,2023,5,Cash,Food,Barang Dapur,,4.6,Expense,Normal
2023-05-06 18:21:21,2023,5,Bank Islam,Cash,,,100.0,Transfer-Out,Transfer
2023-05-06 19:44:14,2023,5,Public Bank,Game,Star Rail,,4.9,Expense,Normal
2023-05-06 19:44:14,2023,5,Cash,Transport,Kereta,,5.0,Expense,Normal
2023-05-08 13:12:09,2023,5,Cash,Food,Lunch,,4.0,Expense,Normal
2023-05-08 18:28:14,2023,5,Cash,Transport,Bus,,3.0,Expense,Normal
2023-05-09 13:05:05,2023,5,Cash,Food,Lunch,,4.0,Expense,Normal
2023-05-10 09:31:54,2023,5,Public Bank,Game,Blue Archive,,14.99,Expense,Normal
2023-05-10 09:32:03,2023,5,Cash,Transport,Bus,,6.0,Expense,Normal
2023-05-11 17:38:34,2023,5,Cash,Food,Lunch,,4.0,Expense,Normal
2023-05-12 11:52:28,2023,5,Cash,Food,Lunch,,11.0,Expense,Normal
2023-05-12 12:23:00,2023,5,Public Bank,Transport,GrabCar,,11.0,Expense,Normal
2023-05-12 13:38:43,2023,5,Public Bank,Transport,GrabCar,,8.0,Expense,Normal
2023-05-14 07:36:03,2023,5,Cash,Food,Breakfast,,11.55,Expense,Normal
2023-05-14 16:13:55,2023,5,Cash,Health,Toiletries,,61.8,Expense,Normal
2023-05-14 17:22:56,2023,5,Bank Islam,Cash,,,100.0,Transfer-Out,Transfer
2023-05-14 17:23:03,2023,5,Cash,Food,Drink,,27.5,Expense,Normal
2023-05-15 19:58:50,2023,5,Cash,Food,Drink,,3.0,Expense,Normal
2023-05-15 19:58:57,2023,5,Cash,Transport,Bus,,2.0,Expense,Normal
2023-05-16 12:59:06,2023,5,Cash,Allowance,,,5.0,Income,Normal
2023-05-19 07:46:20,2023,5,Cash,Transport,Bus,,4.0,Expense,Normal
2023-05-19 07:46:34,2023,5,Cash,Food,Drink,,3.0,Expense,Normal
2023-05-19 07:46:40,2023,5,Cash,Allowance,,,200.0,Income,Normal
2023-05-19 14:23:01,2023,5,Cash,Food,Lunch,,2.0,Expense,Normal
2023-05-19 14:28:28,2023,5,Cash,Food,Drink,,3.0,Expense,Normal
2023-05-20 19:17:42,2023,5,Cash,Food,Dinner,,4.0,Expense,Normal
2023-05-20 19:28:10,2023,5,Cash,Health,Toiletries,,21.5,Expense,Normal
2023-05-22 14:08:55,2023,5,Cash,Food,Lunch,,4.5,Expense,Normal
2023-05-22 17:25:59,2023,5,Cash,Transport,Bus,,2.0,Expense,Normal
2023-05-24 12:26:02,2023,5,Public Bank,Game,Blue Archive,,14.99,Expense,Normal
2023-05-24 13:05:49,2023,5,Cash,Food,Lunch,,2.0,Expense,Normal
2023-05-24 23:38:08,2023,5,Cash,Transport,Bus,,2.0,Expense,Normal
2023-05-24 23:38:08,2023,5,Public Bank,Phone,Yoodo,,83.0,Expense,Normal
2023-05-25 13:31:57,2023,5,Cash,Food,Lunch,,4.0,Expense,Normal
2023-05-25 13:32:01,2023,5,Cash,Transport,Bus,,2.0,Expense,Normal
2023-05-26 12:21:34,2023,5,Cash,Food,Lunch,,4.0,Expense,Normal
2023-05-26 12:21:39,2023,5,Cash,Transport,Bus,,2.0,Expense,Normal
2023-05-27 21:47:15,2023,5,Public Bank,Food,Dinner,,16.7,Expense,Normal
2023-05-28 18:13:47,2023,5,Cash,Health,Medicine,,10.0,Expense,Normal
2023-05-30 11:42:57,2023,5,Bank Islam,Allowance,,,200.0,Income,Normal
2023-05-31 13:06:37,2023,5,Cash,Allowance,,,100.0,Income,Normal
2023-05-31 16:19:52,2023,5,Cash,Food,Drink,,3.6,Expense,Normal
2023-05-31 19:41:08,2023,5,Cash,Food,Dinner,,24.9,Expense,Normal
2023-05-31 19:41:14,2023,5,Cash,Transport,Minyak,,10.0,Expense,Normal
2023-06-01 11:35:39,2023,6,Cash,Transport,Bus,,2.0,Expense,Normal
2023-06-02 11:41:22,2023,6,Cash,Transport,Bus,,2.0,Expense,Normal
2023-06-02 11:41:22,2023,6,Cash,Food,Lunch,,4.5,Expense,Normal
2023-06-03 17:43:35,2023,6,Cash,Food,Barang Dapur,,3.9,Expense,Normal
2023-06-05 11:11:19,2023,6,Public Bank,Other,,,20.5,Expense,Normal
2023-06-05 11:52:31,2023,6,Cash,Food,Lunch,,15.0,Expense,Normal
2023-06-06 16:45:11,2023,6,Cash,Transport,Bus,,2.0,Expense,Normal
2023-06-07 09:02:12,2023,6,Public Bank,Game,Genshin,,19.9,Expense,Normal
2023-06-08 07:59:53,2023,6,Public Bank,Game,Star Rail,,19.9,Expense,Normal
2023-06-08 10:25:53,2023,6,Public Bank,Game,Azurlane,,29.9,Expense,Normal
2023-06-08 14:06:02,2023,6,Cash,Food,Lunch,,2.0,Expense,Normal
2023-06-08 14:06:08,2023,6,Cash,Transport,Bus,,2.0,Expense,Normal
2023-06-08 14:52:23,2023,6,Public Bank,Game,Blue Archive,,14.99,Expense,Normal
2023-06-09 20:17:42,2023,6,Cash,Food,Dinner,,3.0,Expense,Normal
2023-06-10 17:48:53,2023,6,Cash,Food,Drink,,2.0,Expense,Normal
2023-06-10 17:48:53,2023,6,Cash,Transport,Bus,,2.0,Expense,Normal
2023-06-12 16:22:07,2023,6,Cash,Transport,Bus,,2.0,Expense,Normal
2023-06-12 16:22:07,2023,6,Cash,Food,Lunch,,2.0,Expense,Normal
2023-06-13 13:15:20,2023,6,Cash,Food,Lunch,,2.5,Expense,Normal
2023-06-13 13:15:20,2023,6,Cash,Transport,Bus,,2.0,Expense,Normal
2023-06-14 14:01:49,2023,6,Cash,Food,Lunch,,2.0,Expense,Normal
2023-06-14 14:01:53,2023,6,Cash,Transport,Bus,,2.0,Expense,Normal
2023-06-15 08:55:59,2023,6,Bank Islam,Public Bank,,,100.0,Transfer-Out,Transfer
2023-06-15 09:22:50,2023,6,Public Bank,Game,Star Rail,,39.9,Expense,Normal
2023-06-15 13:10:00,2023,6,Cash,Food,Lunch,,2.0,Expense,Normal
2023-06-16 11:50:34,2023,6,Public Bank,Food,Lunch,,39.99,Expense,Normal
2023-06-17 11:11:42,2023,6,Bank Islam,Cash,,,151.0,Transfer-Out,Transfer
2023-06-17 11:11:42,2023,6,Cash,Food,Lunch,,33.0,Expense,Normal
2023-06-19 16:43:25,2023,6,Cash,Transport,Bus,,2.0,Expense,Normal
2023-06-20 17:45:05,2023,6,Cash,Transport,Bus,,2.0,Expense,Normal
2023-06-20 17:45:10,2023,6,Cash,Food,Lunch,,2.0,Expense,Normal
2023-06-21 16:32:55,2023,6,Cash,Transport,Bus,,2.0,Expense,Normal
2023-06-21 16:33:02,2023,6,Cash,Food,Lunch,,2.0,Expense,Normal
2023-06-22 17:24:44,2023,6,Cash,Transport,Bus,,2.0,Expense,Normal
2023-06-22 17:24:48,2023,6,Cash,Food,Lunch,,2.0,Expense,Normal
2023-06-22 17:30:50,2023,6,Cash,Food,Dinner,,20.0,Expense,Normal
2023-06-23 11:46:30,2023,6,Cash,Food,Lunch,,4.0,Expense,Normal
2023-06-23 16:44:28,2023,6,Cash,Transport,Bus,,2.0,Expense,Normal
2023-06-23 16:44:28,2023,6,Public Bank,Allowance,,,210.0,Income,Normal
2023-06-25 18:30:01,2023,6,Public Bank,Health,Toiletries,,63.6,Expense,Normal
2023-06-25 18:45:40,2023,6,Cash,Food,Dinner,,10.25,Expense,Normal
2023-06-26 13:06:13,2023,6,Cash,Transport,Bus,,2.0,Expense,Normal
2023-06-27 13:06:28,2023,6,Cash,Transport,Bus,,2.0,Expense,Normal
2023-06-27 13:06:30,2023,6,Cash,Food,Lunch,,2.0,Expense,Normal
2023-06-28 10:51:08,2023,6,Public Bank,Other,,,110.0,Expense,Normal
2023-06-28 11:58:54,2023,6,Cash,Food,Lunch,,9.0,Expense,Normal
2023-06-29 13:12:07,2023,6,Bank Islam,Allowance,,,200.0,Income,Normal
2023-06-29 17:08:17,2023,6,Cash,Apparel,,,5.3,Expense,Normal
2023-06-29 18:21:14,2023,6,Cash,Other,,Yes Simcard,30.0,Expense,Normal
2023-06-30 17:35:04,2023,6,Cash,Transport,Bus,,2.0,Expense,Normal
2023-06-30 17:35:12,2023,6,Cash,Transport,Bus,,2.0,Expense,Normal
2023-07-01 13:33:11,2023,7,Bank Islam,Public Bank,,,150.0,Transfer-Out,Transfer
2023-07-01 13:35:54,2023,7,Bank Islam,Health,Gym,,30.0,Expense,Normal
2023-07-01 19:22:59,2023,7,Cash,Food,Dinner,,10.0,Expense,Normal
2023-07-02 11:13:25,2023,7,Public Bank,Phone,Yoodo,,80.0,Expense,Normal
2023-07-02 14:08:39,2023,7,Cash,Allowance,,,100.0,Income,Normal
2023-07-02 14:11:46,2023,7,Cash,Apparel,,,39.9,Expense,Normal
2023-07-02 15:06:07,2023,7,Cash,Transport,Kereta,,3.0,Expense,Normal
2023-07-02 15:06:14,2023,7,Cash,Allowance,,,40.0,Income,Normal
2023-07-02 16:08:31,2023,7,Cash,Food,Lunch,,8.3,Expense,Normal
2023-07-02 16:57:30,2023,7,Cash,Food,Dinner,,15.0,Expense,Normal
2023-07-03 11:58:01,2023,7,Public Bank,Game,Path to Nowhere,,23.99,Expense,Normal
2023-07-03 21:38:18,2023,7,Cash,Transport,Bus,,2.0,Expense,Normal
2023-07-04 09:47:47,2023,7,Public Bank,Phone,Yoodo,,5.0,Expense,Normal
2023-07-04 13:18:06,2023,7,Cash,Transport,Bus,,2.0,Expense,Normal
2023-07-04 13:18:06,2023,7,Cash,Food,Lunch,,4.0,Expense,Normal
2023-07-05 13:11:09,2023,7,Cash,Transport,Bus,,2.0,Expense,Normal
2023-07-05 13:11:13,2023,7,Cash,Food,Lunch,,2.0,Expense,Normal
2023-07-06 12:27:25,2023,7,Cash,Transport,Bus,,2.0,Expense,Normal
2023-07-07 12:27:50,2023,7,Cash,Food,Lunch,,4.0,Expense,Normal
2023-07-07 12:27:56,2023,7,Cash,Transport,Bus,,2.0,Expense,Normal
2023-07-08 19:34:41,2023,7,Cash,Food,Dinner,,21.0,Expense,Normal
2023-07-08 20:35:56,2023,7,Cash,Health,Toiletries,,10.9,Expense,Normal
2023-07-08 20:36:04,2023,7,Cash,Transport,Minyak,,10.0,Expense,Normal
2023-07-09 10:43:45,2023,7,Cash,Food,Breakfast,,6.0,Expense,Normal
2023-07-09 10:45:34,2023,7,Cash,Food,Lunch,,5.6,Expense,Normal
2023-07-09 11:36:58,2023,7,Cash,Food,Drink,,3.6,Expense,Normal
2023-07-10 06:37:46,2023,7,Cash,Transport,Minyak,,10.0,Expense,Normal
2023-07-10 07:35:37,2023,7,Cash,Transport,Bus,,2.0,Expense,Normal
2023-07-10 16:38:27,2023,7,Cash,Transport,Bus,,2.0,Expense,Normal
2023-07-11 15:51:12,2023,7,Cash,Transport,Bus,,2.0,Expense,Normal
2023-07-12 15:51:26,2023,7,Cash,Transport,Bus,,2.0,Expense,Normal
2023-07-13 16:35:49,2023,7,Cash,Food,Lunch,,4.0,Expense,Normal
2023-07-13 16:36:10,2023,7,Cash,Transport,Bus,,2.0,Expense,Normal
2023-07-13 16:47:15,2023,7,Cash,Food,Barang Dapur,,3.0,Expense,Normal
2023-07-14 17:43:03,2023,7,Cash,Food,Lunch,,4.0,Expense,Normal
2023-07-14 17:43:07,2023,7,Cash,Transport,Bus,,2.0,Expense,Normal
2023-07-15 18:59:05,2023,7,Bank Islam,Cash,,,100.0,Transfer-Out,Transfer
2023-07-15 19:38:13,2023,7,Cash,Transport,Minyak,,10.0,Expense,Normal
2023-07-15 20:11:02,2023,7,Cash,Food,Dinner,,8.5,Expense,Normal
2023-07-15 20:14:15,2023,7,Cash,Health,Toiletries,,12.4,Expense,Normal
2023-07-17 16:37:47,2023,7,Cash,Food,Lunch,,4.0,Expense,Normal
2023-07-17 16:37:53,2023,7,Cash,Transport,Bus,,2.0,Expense,Normal
2023-07-18 11:45:56,2023,7,Bank Islam,Public Bank,,,100.0,Transfer-Out,Transfer
2023-07-18 12:19:58,2023,7,Public Bank,Food,Lunch,,31.12,Expense,Normal
2023-07-18 12:19:58,2023,7,Cash,Transport,Bus,,2.0,Expense,Normal
2023-07-20 12:02:05,2023,7,Public Bank,Food,Lunch,,38.02,Expense,Normal
2023-07-20 12:02:14,2023,7,Cash,Transport,Bus,,2.0,Expense,Normal
2023-07-21 11:37:14,2023,7,Cash,Allowance,,,400.0,Income,Normal
2023-07-22 19:14:58,2023,7,Public Bank,Food,Dinner,,24.5,Expense,Normal
2023-07-22 21:31:09,2023,7,Bank Islam,Phone,Maxis,,10.0,Expense,Normal
2023-07-23 17:22:45,2023,7,Cash,Food,Barang Dapur,,18.55,Expense,Normal
2023-07-23 17:27:30,2023,7,Cash,Food,Dinner,,3.0,Expense,Normal
2023-07-25 08:27:24,2023,7,Public Bank,Allowance,,,200.0,Income,Normal
2023-07-25 11:16:13,2023,7,Cash,Apparel,,,30.0,Expense,Normal
2023-07-25 12:19:52,2023,7,Public Bank,Transport,GrabCar,,7.0,Expense,Normal
2023-07-25 12:45:35,2023,7,Cash,Apparel,,,89.9,Expense,Normal
2023-07-25 13:29:23,2023,7,Cash,Apparel,,,30.9,Expense,Normal
2023-07-25 13:59:46,2023,7,Cash,Allowance,,,30.0,Income,Normal
2023-07-25 15:45:56,2023,7,Public Bank,Transport,GrabCar,,8.0,Expense,Normal
2023-07-25 15:46:03,2023,7,Public Bank,Cash,,,50.0,Transfer-Out,Transfer
2023-07-27 17:28:43,2023,7,Cash,Health,Gym,,9.0,Expense,Normal
2023-07-27 19:17:02,2023,7,Cash,Food,Dinner,,11.0,Expense,Normal
2023-07-29 04:38:10,2023,7,Public Bank,Game,Arknight,,21.99,Expense,Normal
2023-07-29 13:27:33,2023,7,Cash,Transport,Minyak,,30.0,Expense,Normal
2023-07-29 13:39:11,2023,7,Cash,Health,Toiletries,,7.5,Expense,Normal
2023-07-29 13:43:31,2023,7,Cash,Other,,,19.0,Expense,Normal
2023-07-29 13:43:31,2023,7,Cash,Food,Lunch,,4.0,Expense,Normal
2023-07-30 10:35:54,2023,7,Cash,Food,Barang Dapur,,8.0,Expense,Normal
2023-08-01 11:45:16,2023,8,Public Bank,Phone,Yoodo,,52.0,Expense,Normal
2023-08-02 05:45:45,2023,8,Bank Islam,Allowance,,,200.0,Income,Normal
2023-08-02 18:30:28,2023,8,Cash,Health,Gym,,8.0,Expense,Normal
2023-08-02 19:31:37,2023,8,Cash,Food,Dinner,,31.7,Expense,Normal
2023-08-02 21:30:39,2023,8,Cash,Allowance,,,100.0,Income,Normal
2023-08-04 12:09:59,2023,8,Public Bank,Transport,GrabCar,,13.0,Expense,Normal
2023-08-05 12:38:00,2023,8,Public Bank,Game,Star Rail,,39.9,Expense,Normal
2023-08-05 18:37:46,2023,8,Cash,Food,Barang Dapur,,20.3,Expense,Normal
2023-08-05 19:20:12,2023,8,Cash,Food,Dinner,,14.0,Expense,Normal
2023-08-06 07:25:09,2023,8,Cash,Food,Breakfast,,11.55,Expense,Normal
2023-08-06 09:04:58,2023,8,Cash,Food,Barang Dapur,,6.5,Expense,Normal
2023-08-06 09:07:40,2023,8,Bank Islam,Allowance,,,5.0,Income,Normal
2023-08-06 15:19:35,2023,8,Cash,Health,Toiletries,,31.55,Expense,Normal
2023-08-06 16:54:36,2023,8,Cash,Health,Toiletries,,9.3,Expense,Normal
2023-08-09 18:54:41,2023,8,Cash,Health,Gym,,8.0,Expense,Normal
2023-08-09 18:54:46,2023,8,Cash,Food,Dinner,,30.8,Expense,Normal
2023-08-10 14:03:33,2023,8,Public Bank,Allowance,,,100.0,Income,Normal
2023-08-10 20:21:46,2023,8,Cash,Food,Barang Dapur,,17.4,Expense,Normal
2023-08-13 18:35:03,2023,8,Cash,Food,Drink,,3.2,Expense,Normal
2023-08-13 18:35:03,2023,8,Public Bank,Cash,,,50.0,Transfer-Out,Transfer
2023-08-13 18:35:03,2023,8,Cash,Health,Gym,,5.0,Expense,Normal
2023-08-14 11:09:44,2023,8,Cash,Transport,Bus,,2.0,Expense,Normal
2023-08-14 12:00:30,2023,8,Public Bank,Transport,GrabCar,,7.0,Expense,Normal
2023-08-14 12:10:55,2023,8,Public Bank,Transport,GrabCar,,7.0,Expense,Normal
2023-08-14 12:15:37,2023,8,Cash,Food,Lunch,,27.0,Expense,Normal
2023-08-14 12:40:29,2023,8,Cash,Transport,Bus,,2.0,Expense,Normal
2023-08-14 14:11:55,2023,8,Cash,Other,,,15.0,Expense,Normal
2023-08-14 23:58:10,2023,8,Public Bank,Phone,Yoodo,,15.0,Expense,Normal
2023-08-17 12:32:51,2023,8,Cash,Food,Lunch,,15.0,Expense,Normal
2023-08-17 15:21:57,2023,8,Cash,Apparel,,,5.9,Expense,Normal
2023-08-17 15:38:30,2023,8,Public Bank,Transport,GrabCar,,8.0,Expense,Normal
2023-08-20 14:04:08,2023,8,Public Bank,Allowance,,,20.0,Income,Normal
2023-08-20 22:17:42,2023,8,Cash,Allowance,,,100.0,Income,Normal
2023-08-21 09:42:15,2023,8,Cash,Food,Breakfast,,29.8,Expense,Normal
2023-08-21 18:19:51,2023,8,Cash,Food,Dinner,,49.2,Expense,Normal
2023-08-22 03:13:54,2023,8,Cash,Health,Toiletries,,4.7,Expense,Normal
2023-08-22 04:26:35,2023,8,Bank Islam,Public Bank,,,150.0,Transfer-Out,Transfer
2023-08-22 04:26:47,2023,8,Public Bank,Game,Azurlane,,29.99,Expense,Normal
2023-08-23 09:42:34,2023,8,Cash,Allowance,,,482.0,Income,Normal
2023-08-23 09:43:28,2023,8,Cash,Other,,Visa,150.59,Expense,Normal
2023-08-23 09:43:42,2023,8,Cash,Other,,Telkomsel,26.52,Expense,Normal
2023-08-27 11:40:03,2023,8,Cash,Other,,Telkomsel,34.81,Expense,Normal
2023-09-18 09:20:04,2023,9,Public Bank,Transport,GrabCar,,9.0,Expense,Normal
2023-09-26 11:00:39,2023,9,Cash,Transport,Bus,,5.0,Expense,Normal
2023-09-26 12:22:17,2023,9,Cash,Food,Lunch,,27.0,Expense,Normal
2023-09-26 13:00:00,2023,9,Public Bank,Transport,Grabcar,,7.0,Expense,Normal
2023-09-26 13:00:00,2023,9,Cash,Health,Medicine,,11.25,Expense,Normal
2023-09-28 09:12:43,2023,9,Bank Islam,Allowance,,,743.94,Income,Normal
2023-09-28 09:14:13,2023,9,Public Bank,Allowance,,,433.43,Income,Normal
2023-09-28 09:56:33,2023,9,Cash,Allowance,,,252.2,Income,Normal
2023-09-28 15:01:24,2023,9,Cash,Allowance,,,50.0,Income,Normal
2023-09-28 15:49:10,2023,9,Cash,Transport,Parking Ticket,,3.0,Expense,Normal
2023-09-28 16:19:19,2023,9,Cash,Food,Groceries,,10.0,Expense,Normal
2023-09-30 19:51:29,2023,9,Cash,Food,Dinner,,10.0,Expense,Normal
2023-09-30 20:16:25,2023,9,Cash,Food,Beverages,,5.0,Expense,Normal
2023-09-30 20:16:30,2023,9,Cash,Food,Dinner,,5.0,Expense,Normal
2023-09-30 20:26:15,2023,9,Cash,Food,Dinner,,11.0,Expense,Normal
2023-10-01 17:00:37,2023,10,Cash,Transport,Minyak,,26.85,Expense,Normal
2023-10-01 18:21:09,2023,10,Cash,Health,Medicine,,24.9,Expense,Normal
2023-10-01 18:46:52,2023,10,Public Bank,Cash,,,100.0,Transfer-Out,Transfer
2023-10-01 19:32:53,2023,10,Cash,Food,Dinner,,34.5,Expense,Normal
2023-10-02 08:29:33,2023,10,Public Bank,Phone,Yoodo,,32.0,Expense,Normal
2023-10-03 18:18:30,2023,10,Cash,Transport,Bus,,2.0,Expense,Normal
2023-10-03 23:55:16,2023,10,Bank Islam,Allowance,,,200.0,Income,Normal
2023-10-04 13:46:38,2023,10,Public Bank,Game,Azurlane,,93.96,Expense,Normal
2023-10-04 22:13:10,2023,10,Cash,Allowance,,,100.0,Income,Normal
2023-10-05 18:52:40,2023,10,Cash,Health,Gym,,8.0,Expense,Normal
2023-10-05 18:52:47,2023,10,Cash,Food,Dinner,,11.6,Expense,Normal
2023-10-07 17:53:22,2023,10,Cash,Transport,Parking Ticket,,3.0,Expense,Normal
2023-10-07 18:03:52,2023,10,Cash,Food,Dinner,,20.05,Expense,Normal
2023-10-07 18:27:23,2023,10,Cash,Food,Dinner,,11.0,Expense,Normal
2023-10-07 18:35:38,2023,10,Cash,Food,Dinner,,4.0,Expense,Normal
2023-10-08 18:13:27,2023,10,Public Bank,Transport,Parking Ticket,,2.4,Expense,Normal
2023-10-08 18:13:33,2023,10,Cash,Health,Gym,,5.0,Expense,Normal
2023-10-09 08:15:16,2023,10,Public Bank,Other,Other,RENEW IC,10.0,Expense,Normal
2023-10-09 09:40:18,2023,10,Cash,Transport,Bus,,2.0,Expense,Normal
2023-10-10 00:04:29,2023,10,Public Bank,Phone,Yoodo,,15.0,Expense,Normal
2023-10-11 14:07:57,2023,10,Public Bank,Game,Honkai Star Rail,,19.9,Expense,Normal
2023-10-11 18:32:38,2023,10,Cash,Food,Dinner,,3.6,Expense,Normal
2023-10-11 18:32:43,2023,10,Cash,Health,Gym,,8.0,Expense,Normal
2023-10-11 18:54:55,2023,10,Cash,Food,Dinner,,9.5,Expense,Normal
2023-10-14 17:59:00,2023,10,Cash,Food,Eating out,,3.5,Expense,Normal
2023-10-16 11:14:21,2023,10,Bank Islam,Public Bank,,,300.0,Transfer-Out,Transfer
2023-10-16 11:14:21,2023,10,Bank Islam,Other,,Fees,0.1,Expense,Normal
2023-10-16 11:14:41,2023,10,Public Bank,Phone,Maxis,,80.55,Expense,Normal
2023-10-19 10:02:50,2023,10,Cash,Transport,Bus,,4.0,Expense,Normal
2023-10-19 11:22:10,2023,10,Public Bank,Transport,Grabcar,,9.0,Expense,Normal
2023-10-20 09:57:45,2023,10,Cash,Food,Groceries,,1.0,Expense,Normal
2023-10-21 15:51:19,2023,10,Cash,Food,Eating out,,12.0,Expense,Normal
2023-10-21 15:51:32,2023,10,Cash,Food,Beverages,,5.0,Expense,Normal
2023-10-21 16:22:43,2023,10,Cash,Food,Eating out,,10.5,Expense,Normal
2023-10-22 16:43:57,2023,10,Cash,Health,Gym,,5.0,Expense,Normal
2023-10-22 18:25:24,2023,10,Cash,Other,Other,,20.0,Expense,Normal
2023-10-22 18:29:54,2023,10,Public Bank,Other,Other,,39.55,Expense,Normal
2023-10-22 19:10:07,2023,10,Public Bank,Food,Dinner,,23.3,Expense,Normal
2023-10-24 17:11:05,2023,10,Cash,Other,Other,,3.8,Expense,Normal
2023-10-24 17:15:10,2023,10,Cash,Food,Eating out,,5.0,Expense,Normal
2023-10-24 19:12:51,2023,10,Public Bank,Game,Honkai Star Rail,,39.9,Expense,Normal
2023-10-25 07:52:17,2023,10,Public Bank,Allowance,,,200.0,Income,Normal
2023-10-25 18:33:14,2023,10,Public Bank,Cash,,,50.0,Transfer-Out,Transfer
2023-10-25 18:33:14,2023,10,Public Bank,Other,,Fees,1.0,Expense,Normal
2023-10-25 19:02:59,2023,10,Cash,Food,Dinner,,9.6,Expense,Normal
2023-10-26 09:05:09,2023,10,Public Bank,Phone,Yoodo,,15.0,Expense,Normal
2023-10-26 10:30:58,2023,10,Cash,Transport,Bus,,2.0,Expense,Normal
2023-10-26 11:18:54,2023,10,Cash,Transport,Bus,,3.0,Expense,Normal
2023-10-26 12:28:16,2023,10,Public Bank,Transport,Grabcar,,13.0,Expense,Normal
2023-10-27 11:12:43,2023,10,Cash,Health,Medicine,,1.8,Expense,Normal
2023-10-27 11:12:49,2023,10,Cash,Other,Other,,15.0,Expense,Normal
2023-10-28 07:03:50,2023,10,Cash,Food,Beverages,,2.0,Expense,Normal
2023-11-01 22:22:35,2023,11,Bank Islam,Allowance,,,200.0,Income,Normal
2023-11-03 16:42:15,2023,11,Public Bank,Game,Nikke,,23.99,Expense,Normal
2023-11-06 13:33:37,2023,11,Public Bank,Other,Other,Tiket Sabah,15.0,Expense,Normal
2023-11-07 14:40:16,2023,11,Cash,Allowance,,,60.0,Income,Normal
2023-11-07 14:40:26,2023,11,Cash,Food,Lunch,,21.0,Expense,Normal
2023-11-07 14:53:54,2023,11,Public Bank,Transport,Grabcar,,10.0,Expense,Normal
2023-11-08 13:03:27,2023,11,Public Bank,Game,Genshin Impact,,19.9,Expense,Normal
2023-11-09 16:47:11,2023,11,Cash,Allowance,,,50.0,Income,Normal
2023-11-09 19:54:37,2023,11,Cash,Food,Dinner,,6.0,Expense,Normal
2023-11-10 17:12:19,2023,11,Cash,Food,Eating out,,6.0,Expense,Normal
2023-11-11 17:47:22,2023,11,Cash,Other,Other,,6.0,Expense,Normal
2023-11-11 17:56:46,2023,11,Cash,Health,Toiletries,,5.0,Expense,Normal
2023-11-12 17:51:43,2023,11,Cash,Food,Beverages,,2.25,Expense,Normal
2023-11-12 18:54:21,2023,11,Cash,Food,Dinner,,9.6,Expense,Normal
2023-11-13 12:06:35,2023,11,Public Bank,Game,Arknight,,21.99,Expense,Normal
2023-11-16 16:44:15,2023,11,Cash,Food,Eating out,,3.0,Expense,Normal
2023-11-16 19:24:12,2023,11,Cash,Allowance,,,50.0,Income,Normal
2023-11-16 19:24:23,2023,11,Cash,Food,Dinner,,45.0,Expense,Normal
2023-11-18 17:10:37,2023,11,Cash,Food,Eating out,,5.4,Expense,Normal
2023-11-18 17:16:10,2023,11,Cash,Food,Groceries,,15.5,Expense,Normal
2023-11-18 17:36:12,2023,11,Cash,Food,Eating out,,2.0,Expense,Normal
2023-11-18 17:36:16,2023,11,Cash,Food,Beverages,,4.0,Expense,Normal
2023-11-18 17:46:57,2023,11,Cash,Food,Dinner,,11.0,Expense,Normal
2023-11-19 08:31:24,2023,11,Public Bank,Phone,Maxis,,65.65,Expense,Normal
2023-11-19 08:31:35,2023,11,Cash,Allowance,,,50.0,Income,Normal
2023-11-19 18:27:34,2023,11,Cash,Health,Toiletries,,30.8,Expense,Normal
2023-11-19 18:46:54,2023,11,Cash,Food,Dinner,,25.9,Expense,Normal
2023-11-19 18:46:54,2023,11,Cash,Health,Gym,,5.0,Expense,Normal
2023-11-21 11:09:04,2023,11,Cash,Food,Lunch,,7.5,Expense,Normal
2023-11-21 14:54:14,2023,11,Cash,Food,Lunch,,9.9,Expense,Normal
2023-11-22 18:49:51,2023,11,Cash,Food,Dinner,,6.9,Expense,Normal
2023-11-22 18:49:58,2023,11,Cash,Health,Gym,,8.0,Expense,Normal
2023-11-22 18:50:07,2023,11,Public Bank,Cash,,,50.0,Transfer-Out,Transfer
2023-11-22 18:50:07,2023,11,Public Bank,Other,,Fees,1.0,Expense,Normal
2023-11-23 09:39:47,2023,11,Bank Islam,Other,Other,Yuran Konvo UMS,185.0,Expense,Normal
2023-11-24 10:45:24,2023,11,Cash,Transport,Minyak,,15.0,Expense,Normal
2023-11-24 10:45:24,2023,11,Public Bank,Allowance,,,200.0,Income,Normal
2023-11-25 13:38:49,2023,11,Cash,Apparel,,,20.0,Expense,Normal
2023-11-25 16:20:02,2023,11,Public Bank,Transport,Parking Ticket,,3.2,Expense,Normal
2023-11-25 17:51:54,2023,11,Cash,Transport,Parking Ticket,,3.0,Expense,Normal
2023-11-29 10:17:59,2023,11,Public Bank,Cash,,,100.0,Transfer-Out,Transfer
2023-11-29 10:17:59,2023,11,Public Bank,Other,,Fees,1.0,Expense,Normal
2023-11-29 16:37:42,2023,11,Public Bank,Phone,Yoodo,,32.0,Expense,Normal
2023-11-30 17:50:01,2023,11,Cash,Health,Gym,,8.0,Expense,Normal
2023-11-30 18:27:31,2023,11,Cash,Health,Medicine,,2.4,Expense,Normal
2023-11-30 19:04:30,2023,11,Cash,Food,Dinner,,23.3,Expense,Normal
2023-12-03 11:56:04,2023,12,Cash,Transport,Parking Ticket,,3.0,Expense,Normal
2023-12-03 12:55:47,2023,12,Cash,Allowance,,,180.0,Income,Normal
2023-12-03 12:55:57,2023,12,Cash,Apparel,,,40.1,Expense,Normal
2023-12-03 13:20:59,2023,12,Cash,Health,Medicine,,8.2,Expense,Normal
2023-12-03 13:26:10,2023,12,Cash,Food,Lunch,,40.45,Expense,Normal
2023-12-03 16:20:26,2023,12,Cash,Transport,Minyak,,15.0,Expense,Normal
2023-12-04 16:43:55,2023,12,Bank Islam,Allowance,,,200.0,Income,Normal
2023-12-06 10:12:34,2023,12,Cash,Transport,Bus,,3.0,Expense,Normal
2023-12-06 12:42:06,2023,12,Public Bank,Transport,Grabcar,,8.0,Expense,Normal
2023-12-06 13:19:38,2023,12,Cash,Transport,Bus,,2.0,Expense,Normal
2023-12-06 13:40:43,2023,12,Cash,Food,Lunch,,25.8,Expense,Normal
2023-12-06 14:07:02,2023,12,Cash,Transport,Bus,,2.0,Expense,Normal
2023-12-06 15:27:53,2023,12,Cash,Other,Other,LAMINATE KERTAS KONVO,10.0,Expense,Normal
2023-12-07 20:56:03,2023,12,Public Bank,Game,Honkai Star Rail,,19.9,Expense,Normal
2023-12-08 17:04:57,2023,12,Cash,Food,Eating out,,2.0,Expense,Normal
2023-12-08 17:05:03,2023,12,Cash,Food,Groceries,,5.0,Expense,Normal
2023-12-08 17:36:59,2023,12,Cash,Allowance,,,100.0,Income,Normal
2023-12-08 17:37:05,2023,12,Cash,Other,Other,,15.0,Expense,Normal
2023-12-08 20:56:27,2023,12,Cash,Health,Medicine,,40.0,Expense,Normal
2023-12-09 12:11:40,2023,12,Public Bank,Transport,Grabcar,,12.0,Expense,Normal
2023-12-09 12:23:24,2023,12,Cash,Food,Lunch,,27.8,Expense,Normal
2023-12-09 13:23:27,2023,12,Cash,Transport,Bus,,2.0,Expense,Normal
2023-12-09 13:36:37,2023,12,Cash,Transport,Bus,,2.0,Expense,Normal
2023-12-09 14:40:28,2023,12,Cash,Health,Medicine,,28.0,Expense,Normal
2023-12-11 17:36:55,2023,12,Cash,Food,Beverages,,8.0,Expense,Normal
2023-12-11 17:37:14,2023,12,Cash,Food,Dinner,,7.0,Expense,Normal
2023-12-13 09:14:53,2023,12,Cash,Other,Other,Aktif Bank,10.0,Expense,Normal
2023-12-13 09:15:02,2023,12,Cash,Transport,Bus,,2.0,Expense,Normal
2023-12-13 10:18:18,2023,12,Cash,Allowance,,,100.0,Income,Normal
2023-12-13 12:26:29,2023,12,Bank Rakyat,Modified Bal.,,Difference,69.12,Income,Adjustment
2023-12-13 12:26:58,2023,12,Bank Rakyat,Allowance,,,137.83,Income,Normal
2023-12-13 12:42:48,2023,12,Cash,Other,Other,Gambar Konvo,5.0,Expense,Normal
2023-12-13 13:15:07,2023,12,Cash,Food,Lunch,,4.0,Expense,Normal
2023-12-13 13:26:20,2023,12,Cash,Food,Beverages,,4.0,Expense,Normal
2023-12-13 13:26:25,2023,12,Cash,Food,Lunch,,12.0,Expense,Normal
2023-12-13 13:48:23,2023,12,Cash,Transport,Grabcar,,5.0,Expense,Normal
2023-12-13 14:19:14,2023,12,Bank Rakyat,Cash,,,40.0,Transfer-Out,Transfer
2023-12-13 14:19:28,2023,12,Cash,Transport,Bus,,4.0,Expense,Normal
2023-12-14 16:45:15,2023,12,Cash,Food,Beverages,,0.6,Expense,Normal
2023-12-14 17:01:13,2023,12,Cash,Health,Gym,,8.0,Expense,Normal
2023-12-14 19:09:52,2023,12,Cash,Food,Dinner,,12.7,Expense,Normal
2023-12-14 19:22:13,2023,12,Cash,Food,Groceries,,6.6,Expense,Normal
2023-12-14 19:22:25,2023,12,Cash,Health,Toiletries,,32.8,Expense,Normal
2023-12-17 13:14:17,2023,12,Cash,Food,Lunch,,5.0,Expense,Normal
2023-12-17 18:58:31,2023,12,Cash,Food,Dinner,,14.0,Expense,Normal
2023-12-17 19:13:37,2023,12,Cash,Food,Dinner,,13.0,Expense,Normal
2023-12-17 21:45:36,2023,12,Public Bank,Other,Other,,15.0,Expense,Normal
2023-12-19 11:13:53,2023,12,Public Bank,Phone,Maxis,,79.84,Expense,Normal
2023-12-19 11:14:15,2023,12,Public Bank,Allowance,,,200.0,Income,Normal
2023-12-19 16:50:12,2023,12,Cash,Health,Gym,,8.0,Expense,Normal
2023-12-19 18:43:04,2023,12,Cash,Food,Dinner,,20.0,Expense,Normal
2023-12-19 19:13:02,2023,12,Bank Islam,Other,,Fees,1.0,Expense,Normal
2023-12-19 19:13:02,2023,12,Bank Islam,Cash,,,150.0,Transfer-Out,Transfer
2023-12-19 19:17:38,2023,12,Cash,Food,Groceries,,11.2,Expense,Normal
2023-12-20 10:51:15,2023,12,Cash,Transport,Bus,,2.0,Expense,Normal
2023-12-20 10:52:43,2023,12,Cash,Transport,Bus,,3.0,Expense,Normal
2023-12-20 11:30:31,2023,12,Public Bank,Transport,Grabcar,,3.0,Expense,Normal
2023-12-20 12:11:48,2023,12,Public Bank,Transport,Grabcar,,14.0,Expense,Normal
2023-12-20 12:57:32,2023,12,Cash,Food,Lunch,,13.0,Expense,Normal
2023-12-20 13:23:08,2023,12,Cash,Food,Beverages,,16.0,Expense,Normal
2023-12-20 18:49:56,2023,12,Cash,Food,Beverages,,5.9,Expense,Normal
2023-12-22 12:13:15,2023,12,Public Bank,Other,Books,,29.99,Expense,Normal
2023-12-23 07:50:26,2023,12,Cash,Food,Breakfast,,11.3,Expense,Normal
2023-12-24 20:46:07,2023,12,Public Bank,Game,Honkai Star Rail,,39.9,Expense,Normal
2023-12-25 10:55:14,2023,12,Public Bank,Phone,Yoodo,,38.0,Expense,Normal
2023-12-25 14:28:57,2023,12,Public Bank,Cash,,DIGI MAK,10.0,Transfer-Out,Transfer
2023-12-26 11:12:15,2023,12,Cash,Food,Beverages,,1.9,Expense,Normal
2023-12-26 13:23:07,2023,12,Cash,Food,Lunch,,21.0,Expense,Normal
2023-12-26 13:23:07,2023,12,Cash,Transport,Minyak,,25.0,Expense,Normal
2023-12-27 19:01:45,2023,12,Cash,Food,Dinner,,25.9,Expense,Normal
2023-12-27 19:01:50,2023,12,Cash,Health,Gym,,8.0,Expense,Normal
2023-12-27 19:01:55,2023,12,Bank Islam,Allowance,,,200.0,Income,Normal
2023-12-28 13:48:24,2023,12,Cash,Other,Other,Duit Kawin,10.0,Expense,Normal
2023-12-29 17:01:45,2023,12,Cash,Food,Groceries,,7.0,Expense,Normal
2023-12-31 16:01:49,2023,12,Public Bank,Game,Honkai Star Rail,,19.9,Expense,Normal
2023-12-31 16:51:10,2023,12,Bank Islam,Other,,Fees,1.0,Expense,Normal
2023-12-31 16:51:10,2023,12,Bank Islam,Cash,,,100.0,Transfer-Out,Transfer
2024-01-02 18:50:53,2024,1,Cash,Health,Gym,,8.0,Expense,Normal
2024-01-02 18:53:45,2024,1,Cash,Health,Medicine,,7.0,Expense,Normal
2024-01-02 19:34:26,2024,1,Cash,Food,Dinner,,12.7,Expense,Normal
2024-01-03 08:48:12,2024,1,Public Bank,Game,Nikke,,23.99,Expense,Normal
2024-01-05 12:00:50,2024,1,Bank Islam,Other,Other,Jam Tangan,320.29,Expense,Normal
2024-01-06 18:09:31,2024,1,Public Bank,Allowance,,,300.0,Income,Normal
2024-01-06 18:09:45,2024,1,Cash,Health,Medicine,,4.5,Expense,Normal
2024-01-06 18:09:49,2024,1,Cash,Health,Gym,,5.0,Expense,Normal
2024-01-06 19:26:34,2024,1,Public Bank,Food,Dinner,,23.75,Expense,Normal
2024-01-08 11:18:38,2024,1,Cash,Transport,Bus,,2.0,Expense,Normal
2024-01-08 11:18:51,2024,1,Cash,Allowance,,,50.0,Income,Normal
2024-01-08 11:19:01,2024,1,Bank Rakyat,Allowance,,,50.0,Income,Normal
2024-01-08 13:04:31,2024,1,Cash,Food,Lunch,,13.45,Expense,Normal
2024-01-08 13:27:23,2024,1,Cash,Food,Groceries,,4.6,Expense,Normal
2024-01-08 13:45:12,2024,1,Cash,Transport,Bus,,2.0,Expense,Normal
2024-01-11 19:06:17,2024,1,Cash,Health,Gym,,8.0,Expense,Normal
2024-01-11 19:06:25,2024,1,Cash,Food,Groceries,,11.2,Expense,Normal
2024-01-11 19:06:31,2024,1,Cash,Food,Dinner,,9.6,Expense,Normal
2024-01-12 16:59:45,2024,1,Cash,Other,Other,Rambut,20.0,Expense,Normal
2024-01-12 17:07:35,2024,1,Cash,Food,Eating out,,3.0,Expense,Normal
2024-01-13 18:54:31,2024,1,Cash,Food,Dinner,,11.0,Expense,Normal
2024-01-13 18:59:48,2024,1,Cash,Food,Beverages,,6.0,Expense,Normal
2024-01-13 19:23:53,2024,1,Cash,Food,Dinner,,4.0,Expense,Normal
2024-01-13 19:23:53,2024,1,Cash,Food,Dinner,,10.0,Expense,Normal
2024-01-13 19:23:53,2024,1,Public Bank,Other,,Fees,1.0,Expense,Normal
2024-01-13 19:23:53,2024,1,Public Bank,Cash,,,150.0,Transfer-Out,Transfer
2024-01-15 19:42:21,2024,1,Cash,Allowance,,,17.0,Income,Normal
2024-01-15 19:42:45,2024,1,Cash,Food,Groceries,,17.25,Expense,Normal
2024-01-17 14:03:42,2024,1,Cash,Other,Other,Data Engineering Class,31.0,Expense,Normal
2024-01-17 19:33:52,2024,1,Cash,Food,Dinner,,20.0,Expense,Normal
2024-01-17 19:33:57,2024,1,Cash,Food,Groceries,,2.3,Expense,Normal
2024-01-17 19:33:57,2024,1,Cash,Health,Medicine,,4.0,Expense,Normal
2024-01-20 11:44:08,2024,1,Public Bank,Transport,Grabcar,,5.0,Expense,Normal
2024-01-20 14:00:33,2024,1,Cash,Food,Lunch,,20.5,Expense,Normal
2024-01-20 14:00:39,2024,1,Cash,Food,Eating out,,23.0,Expense,Normal
2024-01-20 14:49:09,2024,1,Cash,Transport,Bus,,3.0,Expense,Normal
2024-01-21 08:02:53,2024,1,Cash,Food,Breakfast,,12.35,Expense,Normal
2024-01-21 11:53:28,2024,1,Public Bank,Cash,,,10.0,Transfer-Out,Transfer
2024-01-21 17:54:17,2024,1,Cash,Transport,Parking Ticket,,4.0,Expense,Normal
2024-01-21 17:54:23,2024,1,Cash,Health,Gym,,5.0,Expense,Normal
2024-01-21 19:14:07,2024,1,Cash,Food,Dinner,,9.6,Expense,Normal
2024-01-23 10:25:49,2024,1,Cash,Transport,Bus,,2.0,Expense,Normal
2024-01-23 10:28:13,2024,1,Bank Islam,Cash,,,100.0,Transfer-Out,Transfer
2024-01-23 10:28:13,2024,1,Bank Islam,Other,,Fees,1.0,Expense,Normal
2024-01-23 10:32:41,2024,1,Cash,Health,Toiletries,,18.9,Expense,Normal
2024-01-23 10:44:55,2024,1,Cash,Other,Other,Print Resume,5.0,Expense,Normal
2024-01-23 10:56:58,2024,1,Cash,Transport,Bus,,2.0,Expense,Normal
2024-01-23 11:45:44,2024,1,Cash,Transport,Bus,,2.0,Expense,Normal
2024-01-23 12:57:47,2024,1,Cash,Food,Lunch,,25.9,Expense,Normal
2024-01-23 14:18:36,2024,1,Cash,Transport,Bus,,3.0,Expense,Normal
2024-01-24 11:13:26,2024,1,Public Bank,Allowance,,,200.0,Income,Normal
2024-01-25 15:39:38,2024,1,Cash,Transport,Bus,,3.0,Expense,Normal
2024-01-25 15:39:53,2024,1,Cash,Transport,Bus,,3.0,Expense,Normal
2024-01-27 16:46:24,2024,1,Cash,Health,Gym,,5.0,Expense,Normal
2024-01-27 19:13:55,2024,1,Cash,Food,Dinner,,9.6,Expense,Normal
2024-01-29 09:06:23,2024,1,Cash,Transport,Bus,,3.0,Expense,Normal
2024-01-29 09:06:56,2024,1,Public Bank,Phone,Yoodo,,38.0,Expense,Normal
2024-01-29 09:27:13,2024,1,Cash,Other,Other,Print,4.0,Expense,Normal
2024-01-29 09:35:02,2024,1,Public Bank,Cash,,,50.0,Transfer-Out,Transfer
2024-01-29 10:29:41,2024,1,Cash,Food,Eating out,,9.1,Expense,Normal
2024-01-29 10:47:32,2024,1,Cash,Transport,Bus,,3.0,Expense,Normal
2024-01-29 16:22:22,2024,1,Public Bank,Phone,Maxis,,63.6,Expense,Normal
2024-01-30 23:21:59,2024,1,Public Bank,Other,Other,,10.0,Expense,Normal
2024-01-31 11:13:14,2024,1,Cash,Transport,Bus,,2.0,Expense,Normal
2024-01-31 12:16:40,2024,1,Cash,Transport,Bus,,2.0,Expense,Normal
2024-01-31 12:53:39,2024,1,Cash,Food,Lunch,,11.0,Expense,Normal
2024-01-31 13:00:17,2024,1,Cash,Other,Other,Pen,1.6,Expense,Normal
2024-01-31 14:57:42,2024,1,Cash,Health,Toiletries,,23.05,Expense,Normal
2024-01-31 20:18:40,2024,1,Public Bank,Other,Books,,89.0,Expense,Normal
2024-01-31 20:18:52,2024,1,Public Bank,Allowance,,,100.0,Income,Normal
2024-02-02 12:13:52,2024,2,Cash,Other,Other,,2.0,Expense,Normal
2024-02-04 17:57:47,2024,2,Cash,Food,Eating out,,3.3,Expense,Normal
2024-02-04 22:58:26,2024,2,Public Bank,Game,Honkai Star Rail,,39.9,Expense,Normal
2024-02-04 23:40:21,2024,2,Public Bank,Phone,Yoodo,,15.0,Expense,Normal
2024-02-05 11:53:17,2024,2,Cash,Transport,Bus,,2.0,Expense,Normal
2024-02-05 11:53:21,2024,2,Cash,Other,Other,Print Resume,2.0,Expense,Normal
2024-02-05 12:11:28,2024,2,Cash,Health,Medicine,,4.5,Expense,Normal
2024-02-05 12:57:04,2024,2,Cash,Food,Lunch,,38.5,Expense,Normal
2024-02-05 13:02:55,2024,2,Bank Islam,Cash,,,50.0,Transfer-Out,Transfer
2024-02-05 13:02:55,2024,2,Bank Islam,Other,,Fees,1.0,Expense,Normal
2024-02-06 19:03:42,2024,2,Cash,Health,Gym,,8.0,Expense,Normal
2024-02-06 20:35:37,2024,2,Bank Islam,Allowance,,,200.0,Income,Normal
2024-02-09 19:17:27,2024,2,Public Bank,Food,Dinner,,23.3,Expense,Normal
2024-02-09 19:17:44,2024,2,Cash,Health,Gym,,10.0,Expense,Normal
2024-02-11 07:51:46,2024,2,Cash,Food,Breakfast,,14.15,Expense,Normal
2024-02-11 18:09:54,2024,2,Cash,Allowance,,,28.0,Income,Normal
2024-02-11 18:14:54,2024,2,Cash,Other,Other,,4.45,Expense,Normal
2024-02-11 18:25:45,2024,2,Cash,Food,Dinner,,38.5,Expense,Normal
2024-02-11 18:25:52,2024,2,Bank Islam,Other,,Fees,1.0,Expense,Normal
2024-02-11 18:25:52,2024,2,Bank Islam,Cash,,,100.0,Transfer-Out,Transfer
2024-02-11 18:56:34,2024,2,Cash,Food,Dinner,,24.5,Expense,Normal
2024-02-14 11:16:23,2024,2,Cash,Transport,Bus,,3.0,Expense,Normal
2024-02-14 11:16:38,2024,2,Cash,Allowance,,,10.0,Income,Normal
2024-02-14 11:26:30,2024,2,Cash,Food,Beverages,,1.2,Expense,Normal
2024-02-14 13:11:37,2024,2,Cash,Food,Lunch,,11.0,Expense,Normal
2024-02-14 13:21:34,2024,2,Cash,Phone,Maxis,,10.0,Expense,Normal
2024-02-14 13:21:39,2024,2,Public Bank,Transport,Grabcar,,5.0,Expense,Normal
2024-02-14 13:30:13,2024,2,Cash,Transport,Bus,,3.0,Expense,Normal
2024-02-14 19:04:05,2024,2,Public Bank,Phone,Yoodo,,15.0,Expense,Normal
2024-02-15 18:35:59,2024,2,Cash,Health,Gym,,8.0,Expense,Normal
2024-02-15 19:08:43,2024,2,Cash,Food,Dinner,,7.6,Expense,Normal
2024-02-15 19:11:18,2024,2,Cash,Food,Groceries,,4.6,Expense,Normal
2024-02-15 19:21:34,2024,2,Cash,Other,Other,Tisu,9.3,Expense,Normal
2024-02-16 17:57:48,2024,2,Cash,Health,Medicine,,2.0,Expense,Normal
2024-02-19 10:13:26,2024,2,Cash,Allowance,,,100.0,Income,Normal
2024-02-19 10:32:29,2024,2,Cash,Transport,Bus,,2.0,Expense,Normal
2024-02-19 10:44:59,2024,2,Cash,Other,Other,Print/Fotostat,6.4,Expense,Normal
2024-02-19 10:45:42,2024,2,Cash,Other,Other,Gambar,15.0,Expense,Normal
2024-02-19 11:24:50,2024,2,Cash,Transport,Bus,,3.0,Expense,Normal
2024-02-19 11:48:06,2024,2,Public Bank,Transport,Grabcar,,5.0,Expense,Normal
2024-02-19 12:16:39,2024,2,Cash,Other,Other,Box Cutter,15.5,Expense,Normal
2024-02-19 12:30:42,2024,2,Bank Islam,Cash,,,100.0,Transfer-Out,Transfer
2024-02-19 12:30:42,2024,2,Bank Islam,Other,,Fees,1.0,Expense,Normal
2024-02-19 12:32:51,2024,2,Cash,Food,Lunch,,29.5,Expense,Normal
2024-02-19 13:17:50,2024,2,Cash,Apparel,,,70.0,Expense,Normal
2024-02-19 13:23:03,2024,2,Public Bank,Transport,Grabcar,,9.0,Expense,Normal
2024-02-19 14:04:39,2024,2,Cash,Transport,Bus,,2.0,Expense,Normal
2024-02-19 14:35:33,2024,2,Public Bank,Transport,Grabcar,,10.0,Expense,Normal
2024-02-19 15:19:36,2024,2,Cash,Health,Gunting Rambut,,18.0,Expense,Normal
2024-02-21 18:59:35,2024,2,Cash,Health,Gym,,8.0,Expense,Normal
2024-02-21 19:04:17,2024,2,Cash,Food,Dinner,,3.6,Expense,Normal
2024-02-21 19:44:22,2024,2,Cash,Food,Dinner,,9.5,Expense,Normal
2024-02-23 10:46:00,2024,2,Public Bank,Allowance,,,200.0,Income,Normal
2024-02-25 18:23:29,2024,2,Public Bank,Phone,Yoodo,,31.0,Expense,Normal
2024-02-26 14:15:38,2024,2,Cash,Food,Lunch,,12.0,Expense,Normal
2024-02-27 14:39:29,2024,2,Cash,Food,Lunch,,11.9,Expense,Normal
2024-02-28 14:10:13,2024,2,Cash,Food,Lunch,,8.0,Expense,Normal
2024-02-29 08:44:18,2024,2,Cash,Allowance,,,10.0,Income,Normal
2024-03-01 13:27:54,2024,3,Cash,Food,Eating out,,2.0,Expense,Normal
2024-03-01 13:27:54,2024,3,Cash,Food,Lunch,,9.4,Expense,Normal
2024-03-02 12:52:54,2024,3,Cash,Food,Lunch,,25.9,Expense,Normal
2024-03-02 16:49:07,2024,3,Public Bank,Health,Toiletries,,21.45,Expense,Normal
2024-03-04 12:12:59,2024,3,Cash,Allowance,,,10.0,Income,Normal
2024-03-04 13:17:17,2024,3,Public Bank,Cash,,,50.0,Transfer-Out,Transfer
2024-03-04 13:17:17,2024,3,Public Bank,Other,,Fees,1.0,Expense,Normal
2024-03-04 13:17:27,2024,3,Bank Islam,Cash,,,50.0,Transfer-Out,Transfer
2024-03-04 13:17:27,2024,3,Bank Islam,Other,,Fees,1.0,Expense,Normal
2024-03-04 16:09:46,2024,3,Cash,Food,Lunch,,3.9,Expense,Normal
2024-03-04 16:55:45,2024,3,Cash,Food,Eating out,,4.6,Expense,Normal
2024-03-04 23:20:41,2024,3,Cash,Food,Dinner,,9.0,Expense,Normal
2024-03-04 23:20:45,2024,3,Cash,Food,Beverages,,5.0,Expense,Normal
2024-03-05 12:02:39,2024,3,Cash,Food,Lunch,,10.5,Expense,Normal
2024-03-05 16:42:24,2024,3,Cash,Food,Eating out,,9.9,Expense,Normal
2024-03-06 13:19:50,2024,3,Cash,Food,Eating out,,3.0,Expense,Normal
2024-03-06 13:19:50,2024,3,Cash,Food,Lunch,,4.4,Expense,Normal
2024-03-07 13:27:56,2024,3,Cash,Food,Eating out,,4.6,Expense,Normal
2024-03-07 16:33:23,2024,3,Cash,Health,Medicine,,10.0,Expense,Normal
2024-03-07 23:44:22,2024,3,Bank Islam,Allowance,,,200.0,Income,Normal
2024-03-08 13:57:43,2024,3,Public Bank,Phone,Maxis,,72.05,Expense,Normal
2024-03-09 08:22:41,2024,3,Public Bank,Game,Honkai Star Rail,,19.9,Expense,Normal
2024-03-09 15:07:24,2024,3,Cash,Food,Lunch,,12.9,Expense,Normal
2024-03-09 19:58:02,2024,3,Cash,Food,Beverages,,10.9,Expense,Normal
2024-03-10 12:02:52,2024,3,Cash,Transport,Parking Ticket,,3.0,Expense,Normal
2024-03-10 15:50:57,2024,3,Cash,Food,Eating out,,10.0,Expense,Normal
2024-03-10 15:50:57,2024,3,Public Bank,Game,Arknight,,21.99,Expense,Normal
2024-03-11 13:22:14,2024,3,Cash,Food,Eating out,,6.1,Expense,Normal
2024-03-12 18:15:47,2024,3,Cash,Food,Dinner,,9.0,Expense,Normal
2024-03-12 18:23:53,2024,3,Cash,Food,Beverages,,3.0,Expense,Normal
2024-03-12 18:38:02,2024,3,Cash,Food,Groceries,,10.5,Expense,Normal
2024-03-12 18:38:08,2024,3,Cash,Food,Groceries,,12.8,Expense,Normal
2024-03-12 23:03:17,2024,3,Public Bank,Game,Steam,,26.13,Expense,Normal
2024-03-13 13:02:00,2024,3,Cash,Allowance,,,50.0,Income,Normal
2024-03-13 17:22:55,2024,3,Cash,Food,Ramadan,,8.0,Expense,Normal
2024-03-13 17:22:55,2024,3,Cash,Food,Iftar,,8.0,Expense,Normal
2024-03-13 17:26:19,2024,3,Cash,Food,Iftar,,4.0,Expense,Normal
2024-03-13 17:26:19,2024,3,Cash,Food,Ramadan,,4.0,Expense,Normal
2024-03-14 17:00:27,2024,3,Cash,Food,Eating out,,6.0,Expense,Normal
2024-03-14 17:05:06,2024,3,Cash,Food,Iftar,,4.0,Expense,Normal
2024-03-14 17:05:06,2024,3,Cash,Food,Ramadan,,4.0,Expense,Normal
2024-03-14 22:01:31,2024,3,Public Bank,Health,Toiletries,,15.0,Expense,Normal
2024-03-15 16:40:21,2024,3,Cash,Food,Ramadan,,8.0,Expense,Normal
2024-03-15 16:40:21,2024,3,Cash,Food,Iftar,,8.0,Expense,Normal
2024-03-15 16:43:05,2024,3,Cash,Food,Iftar,,6.0,Expense,Normal
2024-03-15 16:43:05,2024,3,Cash,Food,Ramadan,,6.0,Expense,Normal
2024-03-16 16:17:09,2024,3,Bank Islam,Cash,,,100.0,Transfer-Out,Transfer
2024-03-16 16:17:09,2024,3,Bank Islam,Other,,Fees,1.0,Expense,Normal
2024-03-16 16:20:41,2024,3,Cash,Food,Iftar,,9.0,Expense,Normal
2024-03-16 16:20:41,2024,3,Cash,Food,Ramadan,,9.0,Expense,Normal
2024-03-16 16:24:34,2024,3,Cash,Food,Iftar,,6.0,Expense,Normal
2024-03-16 16:24:34,2024,3,Cash,Food,Ramadan,,6.0,Expense,Normal
2024-03-17 12:53:20,2024,3,Public Bank,Game,Honkai Impact 3rd,,23.9,Expense,Normal
2024-03-17 20:10:33,2024,3,Public Bank,Game,Azurlane,,29.99,Expense,Normal
2024-03-18 16:40:36,2024,3,Cash,Food,Ramadan,,4.0,Expense,Normal
2024-03-18 16:40:36,2024,3,Cash,Food,Iftar,,4.0,Expense,Normal
2024-03-18 16:40:59,2024,3,Cash,Food,Ramadan,,4.0,Expense,Normal
2024-03-18 16:40:59,2024,3,Cash,Food,Iftar,,4.0,Expense,Normal
2024-03-18 16:41:09,2024,3,Cash,Food,Ramadan,,9.0,Expense,Normal
2024-03-18 16:41:09,2024,3,Cash,Food,Iftar,,9.0,Expense,Normal
2024-03-19 22:29:11,2024,3,Public Bank,Other,Other,ChatGPT,6.0,Expense,Normal
2024-03-21 16:57:32,2024,3,Cash,Food,Ramadan,,6.0,Expense,Normal
2024-03-21 16:57:32,2024,3,Cash,Food,Iftar,,6.0,Expense,Normal
2024-03-21 16:57:42,2024,3,Cash,Food,Ramadan,,3.0,Expense,Normal
2024-03-21 16:57:42,2024,3,Cash,Food,Iftar,,3.0,Expense,Normal
2024-03-22 18:06:47,2024,3,Cash,Food,Iftar,,2.0,Expense,Normal
2024-03-22 18:06:47,2024,3,Cash,Food,Ramadan,,2.0,Expense,Normal
2024-03-22 18:06:51,2024,3,Cash,Food,Iftar,,8.0,Expense,Normal
2024-03-22 18:06:51,2024,3,Cash,Food,Ramadan,,8.0,Expense,Normal
2024-03-22 18:10:24,2024,3,Cash,Food,Iftar,,8.0,Expense,Normal
2024-03-22 18:10:24,2024,3,Cash,Food,Ramadan,,8.0,Expense,Normal
2024-03-22 18:11:42,2024,3,Cash,Food,Iftar,,3.0,Expense,Normal
2024-03-22 18:11:42,2024,3,Cash,Food,Ramadan,,3.0,Expense,Normal
2024-03-23 16:28:54,2024,3,Cash,Food,Iftar,,11.0,Expense,Normal
2024-03-23 16:28:54,2024,3,Cash,Food,Ramadan,,11.0,Expense,Normal
2024-03-23 20:09:19,2024,3,Cash,Apparel,,,19.7,Expense,Normal
2024-03-24 16:38:57,2024,3,Cash,Food,Iftar,,10.0,Expense,Normal
2024-03-24 16:38:57,2024,3,Cash,Food,Ramadan,,10.0,Expense,Normal
2024-03-24 22:20:54,2024,3,Public Bank,Health,Toiletries,,21.35,Expense,Normal
2024-03-24 23:22:16,2024,3,Public Bank,Game,Honkai Star Rail,,39.9,Expense,Normal
2024-03-25 11:43:38,2024,3,Cash,Allowance,,,10.0,Income,Normal
2024-03-25 17:29:48,2024,3,Cash,Allowance,,,10.0,Income,Normal
2024-03-25 17:29:59,2024,3,Cash,Food,Ramadan,,9.0,Expense,Normal
2024-03-25 17:29:59,2024,3,Cash,Food,Iftar,,9.0,Expense,Normal
2024-03-25 17:30:06,2024,3,Cash,Food,Ramadan,,6.0,Expense,Normal
2024-03-25 17:30:06,2024,3,Cash,Food,Iftar,,6.0,Expense,Normal
2024-03-25 17:33:00,2024,3,Cash,Food,Ramadan,,8.0,Expense,Normal
2024-03-25 17:33:00,2024,3,Cash,Food,Iftar,,8.0,Expense,Normal
2024-03-26 07:36:30,2024,3,Cash,Allowance,,,30.0,Income,Normal
2024-03-26 16:52:12,2024,3,Cash,Food,Iftar,,19.0,Expense,Normal
2024-03-26 16:52:12,2024,3,Cash,Food,Ramadan,,19.0,Expense,Normal
2024-03-26 16:52:18,2024,3,Cash,Food,Iftar,,6.0,Expense,Normal
2024-03-26 16:52:18,2024,3,Cash,Food,Ramadan,,6.0,Expense,Normal
2024-03-28 12:56:32,2024,3,Cash,Allowance,,,15.0,Income,Normal
2024-03-28 15:05:19,2024,3,Cash,Public Bank,,,23.0,Transfer-Out,Transfer
2024-03-28 18:03:03,2024,3,Cash,Food,Iftar,,8.0,Expense,Normal
2024-03-28 18:07:48,2024,3,Cash,Food,Iftar,,6.0,Expense,Normal
2024-03-28 18:12:11,2024,3,Cash,Food,Iftar,,2.0,Expense,Normal
2024-03-29 12:24:33,2024,3,Cash,Other,Other,,3.0,Expense,Normal
2024-03-29 12:24:42,2024,3,Public Bank,Salary,,,1433.85,Income,Normal
2024-03-29 18:16:58,2024,3,Cash,Food,Iftar,,13.0,Expense,Normal
2024-03-29 18:18:17,2024,3,Cash,Food,Iftar,,6.0,Expense,Normal
2024-03-29 21:57:54,2024,3,Public Bank,Health,Toiletries,,18.3,Expense,Normal
2024-03-30 00:00:00,2024,3,Public Bank,Mak,,,350.0,Expense,Normal
2024-03-30 07:15:51,2024,3,Public Bank,Family,Mak,,350.0,Expense,Normal
2024-03-30 16:19:09,2024,3,Public Bank,Other,,Fees,1.0,Expense,Normal
2024-03-30 16:19:09,2024,3,Public Bank,Cash,,,100.0,Transfer-Out,Transfer
2024-03-30 16:23:16,2024,3,Cash,Food,Iftar,,12.0,Expense,Normal
2024-03-30 16:23:22,2024,3,Cash,Food,Iftar,,5.0,Expense,Normal
2024-03-30 16:28:56,2024,3,Cash,Other,Other,Zakat,15.0,Expense,Normal
2024-03-30 16:31:00,2024,3,Cash,Food,Iftar,,2.0,Expense,Normal
2024-03-31 10:28:19,2024,3,Public Bank,Other,Other,,21.9,Expense,Normal
2024-03-31 11:46:54,2024,3,Public Bank,Other,Other,Dewey,50.42,Expense,Normal
2024-03-31 16:13:27,2024,3,Cash,Food,Iftar,,6.0,Expense,Normal
2024-03-31 16:14:52,2024,3,Cash,Food,Iftar,,6.0,Expense,Normal
2024-04-01 16:07:39,2024,4,Cash,Food,Iftar,,8.0,Expense,Normal
2024-04-01 16:11:36,2024,4,Cash,Food,Iftar,,6.0,Expense,Normal
2024-04-02 05:23:49,2024,4,Public Bank,Phone,Yoodo,,40.0,Expense,Normal
2024-04-02 08:19:42,2024,4,Public Bank,ASB,,,150.0,Transfer-Out,Transfer
2024-04-02 08:47:24,2024,4,Public Bank,Wahed,,,50.0,Transfer-Out,Transfer
2024-04-02 17:47:38,2024,4,Cash,Food,Iftar,,9.0,Expense,Normal
2024-04-02 17:47:43,2024,4,Cash,Food,Iftar,,11.0,Expense,Normal
2024-04-02 17:53:11,2024,4,Cash,Food,Iftar,,10.0,Expense,Normal
2024-04-03 00:00:00,2024,4,Public Bank,PTPTN,,,50.0,Expense,Normal
2024-04-03 11:22:24,2024,4,Cash,Allowance,,,10.0,Income,Normal
2024-04-03 11:22:37,2024,4,Cash,Transport,Bus,,3.0,Expense,Normal
2024-04-03 11:25:44,2024,4,Public Bank,Transport,Grabcar,,7.0,Expense,Normal
2024-04-03 12:21:52,2024,4,Public Bank,Apparel,,,129.8,Expense,Normal
2024-04-03 12:24:00,2024,4,Public Bank,Apparel,,,9.0,Expense,Normal
2024-04-03 12:38:54,2024,4,Public Bank,Apparel,,,59.9,Expense,Normal
2024-04-03 12:40:49,2024,4,Public Bank,Transport,Grabcar,,8.0,Expense,Normal
2024-04-03 13:09:26,2024,4,Cash,Transport,Bus,,3.0,Expense,Normal
2024-04-03 14:04:16,2024,4,Cash,Transport,Bus,,3.0,Expense,Normal
2024-04-03 14:09:55,2024,4,Cash,Transport,Bus,,3.0,Expense,Normal
2024-04-03 15:20:47,2024,4,Public Bank,Health,Gunting Rambut,,20.0,Expense,Normal
2024-04-03 17:44:52,2024,4,Public Bank,Game,Genshin Impact,,19.9,Expense,Normal
2024-04-03 19:17:16,2024,4,Public Bank,Hutang,PTPTN,,50.0,Expense,Normal
2024-04-03 20:33:15,2024,4,Public Bank,Game,Blue Archive,,14.99,Expense,Normal
2024-04-03 20:33:49,2024,4,Public Bank,Game,Blue Archive,,34.99,Expense,Normal
2024-04-03 23:31:21,2024,4,Public Bank,Game,Honkai Star Rail,,19.9,Expense,Normal
2024-04-04 17:49:38,2024,4,Cash,Food,Iftar,,12.0,Expense,Normal
2024-04-04 17:51:59,2024,4,Cash,Food,Iftar,,3.0,Expense,Normal
2024-04-04 22:20:40,2024,4,Cash,Health,Toiletries,,15.35,Expense,Normal
2024-04-05 10:32:40,2024,4,Public Bank,Transport,Grabcar,,21.0,Expense,Normal
2024-04-05 14:21:22,2024,4,Public Bank,Transport,Grabcar,,17.0,Expense,Normal
2024-04-05 14:21:39,2024,4,Cash,Allowance,,,33.0,Income,Normal
2024-04-05 18:11:53,2024,4,Cash,Food,Iftar,,5.0,Expense,Normal
2024-04-06 18:11:53,2024,4,Cash,Food,Iftar,,19.0,Expense,Normal
2024-04-07 16:10:21,2024,4,Public Bank,Food,Iftar,,27.8,Expense,Normal
2024-04-07 16:25:55,2024,4,Cash,Food,Iftar,,4.0,Expense,Normal
2024-04-09 11:42:27,2024,4,Public Bank,Phone,Yoodo,,63.6,Expense,Normal
2024-04-09 14:26:55,2024,4,Public Bank,Game,Arknight,,21.99,Expense,Normal
2024-04-09 19:31:28,2024,4,Cash,Other,Other,,8.6,Expense,Normal
2024-04-09 19:49:28,2024,4,Cash,Other,Other,,25.0,Expense,Normal
2024-04-11 07:16:45,2024,4,Cash,Allowance,,,90.0,Income,Normal
2024-04-11 16:48:46,2024,4,Public Bank,Health,Toiletries,,8.5,Expense,Normal
2024-04-12 12:44:41,2024,4,Cash,Food,Lunch,,15.9,Expense,Normal
2024-04-13 12:39:37,2024,4,Public Bank,Allowance,,STR,100.0,Income,Normal
2024-04-13 18:10:27,2024,4,Cash,Food,Beverages,,10.0,Expense,Normal
2024-04-14 16:03:45,2024,4,Cash,Food,Lunch,,11.2,Expense,Normal
2024-04-15 11:26:54,2024,4,Cash,Allowance,,,11.0,Income,Normal
2024-04-15 16:59:27,2024,4,Cash,Food,Eating out,,15.5,Expense,Normal
2024-04-15 16:59:41,2024,4,Public Bank,Cash,,,50.0,Transfer-Out,Transfer
2024-04-15 22:10:56,2024,4,Public Bank,Health,Toiletries,,21.85,Expense,Normal
2024-04-16 14:19:30,2024,4,Public Bank,Cash,,,50.0,Transfer-Out,Transfer
2024-04-16 14:34:39,2024,4,Cash,Food,Lunch,,11.0,Expense,Normal
2024-04-17 09:41:47,2024,4,Cash,Health,Medicine,,100.0,Expense,Normal
2024-04-18 09:24:54,2024,4,Public Bank,Phone,Yoodo,,15.0,Expense,Normal
2024-04-19 11:24:54,2024,4,Cash,Food,Lunch,,32.3,Expense,Normal
2024-04-19 12:36:07,2024,4,Cash,Transport,Bus,,7.0,Expense,Normal
2024-04-20 13:20:16,2024,4,Bank Islam,Cash,,,50.0,Transfer-Out,Transfer
2024-04-20 13:20:16,2024,4,Bank Islam,Other,,Fees,1.0,Expense,Normal
2024-04-20 16:51:59,2024,4,Cash,Food,Eating out,,3.9,Expense,Normal
2024-04-20 16:54:38,2024,4,Cash,Food,Eating out,,4.0,Expense,Normal
2024-04-21 14:38:55,2024,4,Cash,Food,Lunch,,26.9,Expense,Normal
2024-04-22 13:21:10,2024,4,Cash,Food,Lunch,,8.5,Expense,Normal
2024-04-22 23:44:21,2024,4,Cash,Food,Dinner,,4.2,Expense,Normal
2024-04-23 15:25:13,2024,4,Cash,Food,Lunch,,14.0,Expense,Normal
2024-04-23 15:25:23,2024,4,Cash,Health,Medicine,,10.1,Expense,Normal
2024-04-24 12:19:57,2024,4,Cash,Food,Lunch,,16.8,Expense,Normal
2024-04-24 16:59:36,2024,4,Public Bank,Food,Groceries,,26.1,Expense,Normal
2024-04-25 14:03:37,2024,4,Bank Islam,Public Bank,,,250.0,Transfer-Out,Transfer
2024-04-26 13:10:27,2024,4,Public Bank,Cash,,,50.0,Transfer-Out,Transfer
2024-04-26 13:10:27,2024,4,Public Bank,Other,,Fees,1.0,Expense,Normal
2024-04-26 13:19:54,2024,4,Cash,Food,Dinner,,7.7,Expense,Normal
2024-04-26 22:01:34,2024,4,Public Bank,Health,Toiletries,,19.0,Expense,Normal
2024-04-27 16:26:21,2024,4,Cash,Food,Dinner,,4.0,Expense,Normal
2024-04-27 16:26:45,2024,4,Cash,Food,Dinner,,7.8,Expense,Normal
2024-04-28 13:15:57,2024,4,Cash,Food,Eating out,,6.8,Expense,Normal
2024-04-29 12:29:55,2024,4,Public Bank,Salary,,,1592.45,Income,Normal
2024-04-29 13:57:47,2024,4,Public Bank,Food,Lunch,,15.9,Expense,Normal
2024-04-29 20:11:20,2024,4,Public Bank,Health,Toiletries,,51.6,Expense,Normal
2024-04-29 20:46:22,2024,4,Cash,Food,Dinner,,10.0,Expense,Normal
2024-04-29 20:47:41,2024,4,Cash,Food,Groceries,,5.0,Expense,Normal
2024-04-30 00:00:00,2024,4,Public Bank,Mak,,,300.0,Expense,Normal
2024-04-30 10:39:05,2024,4,Public Bank,Family,Mak,,300.0,Expense,Normal
2024-04-30 11:46:33,2024,4,Public Bank,Cash,,,150.0,Transfer-Out,Transfer
2024-04-30 11:46:33,2024,4,Public Bank,Other,,Fees,1.0,Expense,Normal
2024-04-30 11:50:23,2024,4,Cash,Food,Eating out,,6.1,Expense,Normal
2024-05-01 19:22:55,2024,5,Public Bank,Food,Lunch,,80.0,Expense,Normal
2024-05-01 20:37:15,2024,5,Public Bank,Game,Azurlane,,29.99,Expense,Normal
2024-05-01 20:37:20,2024,5,Public Bank,Other,Other,Zamri,50.0,Expense,Normal
2024-05-01 23:50:24,2024,5,Public Bank,Phone,Yoodo,,45.0,Expense,Normal
2024-05-02 11:19:34,2024,5,Public Bank,Transport,Grabcar,,5.0,Expense,Normal
2024-05-02 11:19:40,2024,5,Cash,Transport,Bus,,3.0,Expense,Normal
2024-05-02 11:24:54,2024,5,Public Bank,Other,Movies,,14.0,Expense,Normal
2024-05-02 14:00:04,2024,5,Cash,Food,Beverages,,4.5,Expense,Normal
2024-05-02 14:04:43,2024,5,Public Bank,Food,Lunch,,29.5,Expense,Normal
2024-05-02 14:50:54,2024,5,Public Bank,Apparel,,,29.99,Expense,Normal
2024-05-02 15:17:34,2024,5,Public Bank,Transport,Grabcar,,8.0,Expense,Normal
2024-05-03 00:00:00,2024,5,Public Bank,PTPTN,,,50.0,Expense,Normal
2024-05-03 09:55:45,2024,5,Public Bank,Simpanan,ASB,,200.0,Expense,Normal
2024-05-03 10:01:53,2024,5,Public Bank,Hutang,PTPTN,,50.0,Expense,Normal
2024-05-03 10:11:46,2024,5,Public Bank,Game,Snowbreak,,24.99,Expense,Normal
2024-05-03 12:31:41,2024,5,Cash,Other,Other,,5.0,Expense,Normal
2024-05-04 09:08:32,2024,5,Public Bank,Phone,Maxis,,63.6,Expense,Normal
2024-05-04 16:25:47,2024,5,Public Bank,Food,Eating out,,15.9,Expense,Normal
2024-05-05 13:00:23,2024,5,Cash,Food,Lunch,,11.5,Expense,Normal
2024-05-06 00:08:45,2024,5,Public Bank,Game,Honkai Star Rail,,39.9,Expense,Normal
2024-05-06 13:18:04,2024,5,Public Bank,Other,,Fees,1.0,Expense,Normal
2024-05-06 13:18:04,2024,5,Public Bank,Cash,,,50.0,Transfer-Out,Transfer
2024-05-06 13:18:18,2024,5,Cash,Food,Lunch,,14.6,Expense,Normal
2024-05-08 10:21:56,2024,5,Public Bank,Transport,Grabcar,,7.0,Expense,Normal
2024-05-08 10:47:06,2024,5,Public Bank,Transport,Grabcar,,7.0,Expense,Normal
2024-05-08 11:49:09,2024,5,Cash,Health,Medicine,,5.0,Expense,Normal
2024-05-08 12:13:57,2024,5,Cash,Food,Lunch,,20.9,Expense,Normal
2024-05-08 12:38:14,2024,5,Public Bank,Transport,Grabcar,,14.0,Expense,Normal
2024-05-08 17:06:22,2024,5,Public Bank,Other,Other,,20.0,Expense,Normal
2024-05-08 17:17:27,2024,5,Bank Islam,Cash,,,100.0,Transfer-Out,Transfer
2024-05-08 17:17:27,2024,5,Bank Islam,Other,,Fees,1.0,Expense,Normal
2024-05-09 13:20:04,2024,5,Cash,Food,Eating out,,8.5,Expense,Normal
2024-05-09 22:02:19,2024,5,Public Bank,Food,Groceries,,12.4,Expense,Normal
2024-05-10 17:05:12,2024,5,Cash,Food,Beverages,,3.0,Expense,Normal
2024-05-11 13:19:17,2024,5,Cash,Food,Eating out,,6.1,Expense,Normal
2024-05-12 12:42:52,2024,5,Cash,Food,Lunch,,15.9,Expense,Normal
2024-05-12 16:47:55,2024,5,Public Bank,Food,Groceries,,12.6,Expense,Normal
2024-05-12 16:58:33,2024,5,Cash,Food,Eating out,,7.3,Expense,Normal
2024-05-13 07:18:22,2024,5,Public Bank,Cash,,,50.0,Transfer-Out,Transfer
2024-05-13 07:18:22,2024,5,Public Bank,Other,,Fees,1.0,Expense,Normal
2024-05-13 12:45:58,2024,5,Cash,Food,Lunch,,11.0,Expense,Normal
2024-05-13 16:56:18,2024,5,Cash,Apparel,,,2.9,Expense,Normal
2024-05-14 10:35:42,2024,5,Cash,Transport,Bus,,6.0,Expense,Normal
2024-05-15 13:19:33,2024,5,Cash,Food,Eating out,,8.5,Expense,Normal
2024-05-15 17:59:38,2024,5,Cash,Food,Eating out,,4.0,Expense,Normal
2024-05-16 13:23:12,2024,5,Cash,Food,Lunch,,7.6,Expense,Normal
2024-05-16 17:32:35,2024,5,ASB,Public Bank,,,620.0,Transfer-Out,Transfer
2024-05-16 17:32:35,2024,5,Public Bank,Rent,,,1000.0,Expense,Normal
2024-05-17 15:35:06,2024,5,Cash,Food,Eating out,,15.9,Expense,Normal
2024-05-18 17:39:23,2024,5,Cash,Food,Eating out,,6.0,Expense,Normal
2024-05-18 19:25:46,2024,5,Public Bank,Cash,,,50.0,Transfer-Out,Transfer
2024-05-18 19:35:15,2024,5,Cash,Food,Eating out,,12.0,Expense,Normal
2024-05-18 19:46:38,2024,5,Cash,Food,Eating out,,15.0,Expense,Normal
2024-05-18 19:50:25,2024,5,Cash,Food,Beverages,,12.0,Expense,Normal
2024-05-20 12:46:13,2024,5,Cash,Food,Lunch,,11.2,Expense,Normal
2024-05-20 18:45:39,2024,5,Cash,Other,Other,,3.45,Expense,Normal
2024-05-21 13:14:47,2024,5,Cash,Food,Eating out,,8.5,Expense,Normal
2024-05-21 22:01:04,2024,5,Public Bank,Food,Eating out,,17.6,Expense,Normal
2024-05-22 10:58:22,2024,5,Cash,Food,Eating out,,3.9,Expense,Normal
2024-05-22 15:23:22,2024,5,Cash,Food,Beverages,,3.0,Expense,Normal
2024-05-22 21:14:44,2024,5,Cash,Food,Dinner,,5.4,Expense,Normal
2024-05-23 13:25:00,2024,5,Cash,Food,Eating out,,7.8,Expense,Normal
2024-05-24 12:46:35,2024,5,Bank Rakyat,Other,,Fees,1.0,Expense,Normal
2024-05-24 12:46:35,2024,5,Bank Rakyat,Cash,,,100.0,Transfer-Out,Transfer
2024-05-24 12:47:04,2024,5,Cash,Food,Eating out,,8.5,Expense,Normal
2024-05-24 12:47:04,2024,5,Cash,Health,Toiletries,,30.0,Expense,Normal
2024-05-25 23:18:47,2024,5,Cash,Food,Groceries,,4.0,Expense,Normal
2024-05-26 00:11:39,2024,5,Cash,Food,Beverages,,4.0,Expense,Normal
2024-05-26 12:50:06,2024,5,Cash,Food,Lunch,,13.9,Expense,Normal
2024-05-29 11:41:15,2024,5,Cash,Health,Gunting Rambut,,18.0,Expense,Normal
2024-05-30 00:00:00,2024,5,Cash,Mak,,,300.0,Expense,Normal
2024-05-30 12:24:16,2024,5,Public Bank,Salary,,,1354.79,Income,Normal
2024-05-30 15:03:22,2024,5,Cash,Allowance,,,104.55,Income,Normal
2024-05-30 15:56:37,2024,5,SSPN,Modified Bal.,,Difference,790.68,Income,Adjustment
2024-05-30 15:56:44,2024,5,SSPN,Other,,Fees,0.5,Expense,Normal
2024-05-30 15:56:44,2024,5,SSPN,Cash,,,350.0,Transfer-Out,Transfer
2024-05-30 16:35:03,2024,5,Public Bank,Cash,,,300.0,Transfer-Out,Transfer
2024-05-30 16:35:03,2024,5,Public Bank,Other,,Fees,1.0,Expense,Normal
2024-05-30 16:35:15,2024,5,Cash,Family,Mak,,300.0,Expense,Normal
2024-05-30 16:39:41,2024,5,Public Bank,Food,Eating out,,8.5,Expense,Normal
2024-05-30 17:01:37,2024,5,Public Bank,Health,Toiletries,,46.2,Expense,Normal
2024-05-30 17:03:56,2024,5,Public Bank,Transport,Parking Ticket,,4.0,Expense,Normal
2024-05-30 17:11:42,2024,5,Public Bank,Apparel,,,100.2,Expense,Normal
2024-05-30 17:19:24,2024,5,Public Bank,Health,Toiletries,,12.9,Expense,Normal
2024-05-30 20:02:05,2024,5,Cash,Food,Dinner,,12.9,Expense,Normal
2024-05-30 20:03:20,2024,5,Cash,Food,Beverages,,8.0,Expense,Normal
2024-05-30 22:54:17,2024,5,Public Bank,Transport,Parking Ticket,,4.0,Expense,Normal
2024-05-30 22:54:17,2024,5,Public Bank,Health,Toiletries,,21.6,Expense,Normal
2024-05-31 14:50:09,2024,5,Cash,Allowance,,Jual Laptop,200.0,Income,Normal
2024-05-31 14:50:46,2024,5,Public Bank,Transport,Parking Ticket,,4.0,Expense,Normal
2024-05-31 15:03:00,2024,5,Cash,Apparel,,,30.0,Expense,Normal
2024-05-31 15:23:18,2024,5,Cash,Food,Eating out,,31.6,Expense,Normal
2024-05-31 15:52:41,2024,5,Cash,Health,Toiletries,,12.9,Expense,Normal
2024-06-01 04:13:36,2024,6,Cash,Allowance,,,100.0,Income,Normal
2024-06-01 04:13:43,2024,6,Cash,Food,Breakfast,,20.05,Expense,Normal
2024-06-01 04:15:44,2024,6,Public Bank,Phone,Yoodo,,17.0,Expense,Normal
2024-06-01 17:06:12,2024,6,Public Bank,Health,Toiletries,,46.3,Expense,Normal
2024-06-01 18:26:23,2024,6,Cash,Food,Groceries,,110.8,Expense,Normal
2024-06-01 19:07:31,2024,6,Public Bank,Food,Groceries,,41.2,Expense,Normal
2024-06-01 22:16:40,2024,6,Cash,Food,Beverages,,4.0,Expense,Normal
2024-06-02 14:09:40,2024,6,Cash,Food,Lunch,,9.2,Expense,Normal
2024-06-02 14:13:20,2024,6,Cash,Food,Beverages,,3.0,Expense,Normal
2024-06-02 20:33:32,2024,6,Cash,Food,Dinner,NG Kampung - 8.9,12.7,Expense,Normal
2024-06-03 08:13:33,2024,6,Cash,Food,Breakfast,,5.2,Expense,Normal
2024-06-03 16:40:18,2024,6,Cash,Other,Other,,20.0,Expense,Normal
2024-06-03 18:23:56,2024,6,Cash,Food,Groceries,,56.6,Expense,Normal
2024-06-03 18:54:54,2024,6,Public Bank,Food,Groceries,,49.9,Expense,Normal
2024-06-03 22:43:27,2024,6,Cash,Food,Groceries,,37.3,Expense,Normal
2024-06-04 00:00:00,2024,6,Cash,Touch N Go,,,20.0,Expense,Normal
2024-06-04 13:02:13,2024,6,Cash,Food,Lunch,,6.0,Expense,Normal
2024-06-04 17:57:02,2024,6,Cash,Transport,Touch N Go Transport,,20.0,Expense,Normal
2024-06-04 18:33:09,2024,6,Cash,Food,Dinner,,12.2,Expense,Normal
2024-06-04 22:29:00,2024,6,Public Bank,Game,Honkai Star Rail,,19.9,Expense,Normal
2024-06-05 18:09:04,2024,6,Cash,Food,Lunch,,7.5,Expense,Normal
2024-06-05 18:09:48,2024,6,Cash,Food,Dinner,,9.0,Expense,Normal
2024-06-05 18:12:55,2024,6,Cash,Food,Groceries,,12.25,Expense,Normal
2024-06-06 11:04:01,2024,6,Public Bank,Phone,Maxis,,72.05,Expense,Normal
2024-06-06 13:01:31,2024,6,Cash,Food,Lunch,,8.0,Expense,Normal
2024-06-06 13:09:00,2024,6,Cash,Food,Beverages,,5.0,Expense,Normal
2024-06-06 18:04:04,2024,6,Public Bank,Food,Groceries,,39.9,Expense,Normal
2024-06-07 11:18:36,2024,6,Bank Islam,Allowance,,,100.0,Income,Normal
2024-06-07 18:09:14,2024,6,Cash,Food,Dinner,,9.0,Expense,Normal
2024-06-08 19:19:56,2024,6,Cash,Food,Dinner,,20.3,Expense,Normal
2024-06-08 19:20:03,2024,6,Cash,Health,Gym,,8.0,Expense,Normal
2024-06-09 00:00:00,2024,6,Cash,Touch N Go,,,20.0,Expense,Normal
2024-06-09 20:25:48,2024,6,Cash,Food,Dinner,,18.2,Expense,Normal
2024-06-09 20:26:12,2024,6,Cash,Transport,Touch N Go Transport,,20.0,Expense,Normal
2024-06-09 20:34:56,2024,6,Public Bank,Food,Groceries,,11.4,Expense,Normal
2024-06-10 12:55:42,2024,6,Cash,Food,Lunch,,7.5,Expense,Normal
2024-06-10 17:57:42,2024,6,Cash,Food,Dinner,,12.5,Expense,Normal
2024-06-11 12:53:49,2024,6,Cash,Food,Lunch,,7.0,Expense,Normal
2024-06-11 18:13:15,2024,6,Cash,Food,Dinner,,9.0,Expense,Normal
2024-06-12 13:03:27,2024,6,Cash,Food,Lunch,,7.5,Expense,Normal
2024-06-12 18:10:18,2024,6,Cash,Food,Dinner,,12.2,Expense,Normal
2024-06-13 07:49:39,2024,6,Public Bank,Cash,,,50.0,Transfer-Out,Transfer
2024-06-13 07:49:39,2024,6,Public Bank,Other,,Fees,4.0,Expense,Normal
2024-06-13 10:24:34,2024,6,Cash,Food,Breakfast,,1.0,Expense,Normal
2024-06-13 11:33:48,2024,6,Public Bank,Other,Other,LHDN,10.0,Expense,Normal
2024-06-13 12:54:51,2024,6,Cash,Food,Lunch,,9.0,Expense,Normal
2024-06-13 14:04:28,2024,6,Public Bank,Allowance,,,100.0,Income,Normal
2024-06-13 19:05:25,2024,6,Cash,Food,Dinner,,11.0,Expense,Normal
2024-06-14 07:58:51,2024,6,Cash,Food,Breakfast,,3.0,Expense,Normal
2024-06-14 10:34:05,2024,6,Cash,Food,Breakfast,,1.0,Expense,Normal
2024-06-14 14:15:49,2024,6,Cash,Food,Lunch,,7.0,Expense,Normal
2024-06-14 22:03:09,2024,6,Public Bank,Food,Dinner,,32.0,Expense,Normal
2024-06-15 12:43:36,2024,6,Public Bank,Other,Movies,,65.5,Expense,Normal
2024-06-15 17:06:39,2024,6,Cash,Other,Other,,5.9,Expense,Normal
2024-06-15 17:19:05,2024,6,Public Bank,Health,Toiletries,,39.2,Expense,Normal
2024-06-15 17:37:57,2024,6,Public Bank,Food,Groceries,,18.55,Expense,Normal
2024-06-16 23:10:23,2024,6,Public Bank,Game,Honkai Star Rail,,39.9,Expense,Normal
2024-06-18 17:11:44,2024,6,Cash,Food,Lunch,,6.0,Expense,Normal
2024-06-18 18:13:14,2024,6,Cash,Food,Dinner,,14.5,Expense,Normal
2024-06-18 18:18:29,2024,6,Cash,Food,Groceries,,5.5,Expense,Normal
2024-06-19 09:51:11,2024,6,Cash,Food,Breakfast,,1.0,Expense,Normal
2024-06-19 12:41:02,2024,6,Cash,Food,Lunch,,8.5,Expense,Normal
2024-06-19 18:15:49,2024,6,Cash,Food,Dinner,,12.2,Expense,Normal
2024-06-20 18:21:12,2024,6,Cash,Food,Dinner,,12.5,Expense,Normal
2024-06-21 12:27:32,2024,6,Cash,Food,Lunch,,10.0,Expense,Normal
2024-06-21 12:30:43,2024,6,Cash,Food,Lunch,,6.0,Expense,Normal
2024-06-22 13:21:18,2024,6,Cash,Food,Lunch,,6.3,Expense,Normal
2024-06-22 17:18:24,2024,6,Cash,Health,Gym,,8.0,Expense,Normal
2024-06-22 19:11:11,2024,6,Cash,Food,Dinner,,18.7,Expense,Normal
2024-06-22 19:14:07,2024,6,Cash,Food,Dinner,,6.3,Expense,Normal
2024-06-23 17:29:45,2024,6,Public Bank,Game,Arknight,,21.99,Expense,Normal
2024-06-23 18:45:52,2024,6,Cash,Food,Dinner,,9.3,Expense,Normal
2024-06-23 18:56:04,2024,6,Public Bank,Food,Groceries,,23.5,Expense,Normal
2024-06-23 21:34:10,2024,6,Cash,Food,Beverages,,2.8,Expense,Normal
2024-06-24 18:03:21,2024,6,Cash,Food,Lunch,,6.5,Expense,Normal
2024-06-24 18:03:26,2024,6,Cash,Food,Dinner,,12.2,Expense,Normal
2024-06-25 12:31:56,2024,6,Cash,Food,Lunch,,5.5,Expense,Normal
2024-06-25 18:13:28,2024,6,Cash,Food,Dinner,,9.0,Expense,Normal
2024-06-26 12:34:48,2024,6,Cash,Food,Lunch,,7.0,Expense,Normal
2024-06-26 19:01:33,2024,6,Public Bank,Food,Groceries,,31.2,Expense,Normal
2024-06-28 10:21:51,2024,6,Public Bank,Allowance,,,100.0,Income,Normal
2024-06-29 17:28:59,2024,6,Public Bank,Other,Other,,23.39,Expense,Normal
2024-06-29 18:10:22,2024,6,Public Bank,Salary,,,143.93,Income,Normal
2024-06-30 16:26:27,2024,6,Public Bank,Health,Medicine,,8.6,Expense,Normal
2024-06-30 16:27:34,2024,6,Public Bank,Food,Beverages,,8.6,Expense,Normal
2024-06-30 17:33:58,2024,6,Cash,Food,Eating out,,12.5,Expense,Normal
2024-06-30 17:52:59,2024,6,Cash,Food,Beverages,,4.2,Expense,Normal
2024-06-30 20:04:27,2024,6,Cash,Other,Other,,1.5,Expense,Normal
2024-06-30 20:19:16,2024,6,Public Bank,Food,Beverages,,4.2,Expense,Normal
2024-06-30 20:43:44,2024,6,Public Bank,Food,Dinner,,24.1,Expense,Normal
2024-06-30 22:18:22,2024,6,Public Bank,Food,Groceries,,243.2,Expense,Normal
2024-06-30 22:19:02,2024,6,Public Bank,Health,Toiletries,,43.6,Expense,Normal
2024-07-01 00:00:00,2024,7,Cash,Touch N Go,,,40.0,Expense,Normal
2024-07-01 08:08:56,2024,7,Bank Islam,Other,,Fees,1.0,Expense,Normal
2024-07-01 08:08:56,2024,7,Bank Islam,Cash,,,100.0,Transfer-Out,Transfer
2024-07-01 15:11:27,2024,7,Public Bank,Phone,Yoodo,,17.0,Expense,Normal
2024-07-01 15:11:34,2024,7,Cash,Food,Lunch,,6.5,Expense,Normal
2024-07-01 18:45:21,2024,7,Cash,Food,Dinner,,13.3,Expense,Normal
2024-07-01 18:45:27,2024,7,Cash,Transport,Touch N Go Transport,,40.0,Expense,Normal
2024-07-01 22:59:38,2024,7,Public Bank,Game,Genshin Impact,,19.9,Expense,Normal
2024-07-02 12:45:17,2024,7,Cash,Food,Lunch,,9.0,Expense,Normal
2024-07-02 18:09:34,2024,7,Cash,Food,Dinner,,11.5,Expense,Normal
2024-07-02 18:18:04,2024,7,Public Bank,Food,Groceries,,21.9,Expense,Normal
2024-07-03 12:35:35,2024,7,Cash,Food,Lunch,,8.5,Expense,Normal
2024-07-03 18:00:18,2024,7,Cash,Food,Dinner,,12.5,Expense,Normal
2024-07-04 12:37:37,2024,7,Cash,Food,Lunch,,6.5,Expense,Normal
2024-07-04 12:38:09,2024,7,Bank Rakyat,Cash,,,50.0,Transfer-Out,Transfer
2024-07-04 18:20:08,2024,7,Cash,Food,Dinner,,12.5,Expense,Normal
2024-07-05 10:08:26,2024,7,Public Bank,Health,Medicine,,49.0,Expense,Normal
2024-07-05 10:26:23,2024,7,Cash,Health,Gunting Rambut,,12.0,Expense,Normal
2024-07-05 10:45:13,2024,7,Cash,Food,Breakfast,,9.2,Expense,Normal
2024-07-06 13:22:38,2024,7,Cash,Food,Lunch,,12.3,Expense,Normal
2024-07-06 18:39:33,2024,7,Cash,Health,Gym,,8.0,Expense,Normal
2024-07-06 19:11:36,2024,7,Public Bank,Food,Dinner,,19.3,Expense,Normal
2024-07-07 17:45:14,2024,7,Public Bank,Food,Dinner,,39.97,Expense,Normal
2024-07-08 00:00:00,2024,7,Public Bank,PTPTN,,,50.0,Expense,Normal
2024-07-08 00:00:00,2024,7,Public Bank,Mak,,,100.0,Expense,Normal
2024-07-08 09:17:17,2024,7,Public Bank,Salary,,,1858.75,Income,Normal
2024-07-08 12:16:33,2024,7,Public Bank,Hutang,PTPTN,,50.0,Expense,Normal
2024-07-08 12:19:30,2024,7,Public Bank,Phone,Maxis,,72.5,Expense,Normal
2024-07-08 12:36:22,2024,7,Public Bank,Family,Mak,,100.0,Expense,Normal
2024-07-08 18:08:15,2024,7,Public Bank,Food,Dinner,,30.45,Expense,Normal
2024-07-09 00:00:00,2024,7,Public Bank,Other,Hutang,Hutang Sewa Pami Baki 900,50.0,Expense,Normal
2024-07-09 07:48:52,2024,7,Public Bank,Other,,Fees,1.0,Expense,Normal
2024-07-09 07:48:52,2024,7,Public Bank,Cash,,,100.0,Transfer-Out,Transfer
2024-07-09 12:05:27,2024,7,Public Bank,Other,Other,,220.08,Expense,Normal
2024-07-09 12:08:35,2024,7,Public Bank,Simpanan,ASB,,250.0,Expense,Normal
2024-07-09 12:33:43,2024,7,Cash,Food,Breakfast,,2.0,Expense,Normal
2024-07-09 12:33:47,2024,7,Cash,Food,Lunch,,5.0,Expense,Normal
2024-07-09 17:57:30,2024,7,Public Bank,Health,Medicine,,16.0,Expense,Normal
2024-07-09 18:20:39,2024,7,Cash,Food,Groceries,,16.9,Expense,Normal
2024-07-09 18:20:56,2024,7,Cash,Food,Dinner,,12.3,Expense,Normal
2024-07-09 18:53:22,2024,7,Public Bank,Other,Other,Kak Ani,100.0,Expense,Normal
2024-07-09 18:55:33,2024,7,Public Bank,Hutang,Pami,Hutang Sewa Pami Baki 900,50.0,Expense,Normal
2024-07-10 08:56:57,2024,7,Public Bank,Game,Honkai Star Rail,,19.9,Expense,Normal
2024-07-10 09:14:11,2024,7,Cash,Food,Breakfast,,2.0,Expense,Normal
2024-07-10 12:25:56,2024,7,Cash,Food,Lunch,,8.5,Expense,Normal
2024-07-10 17:58:54,2024,7,Public Bank,Food,Groceries,,25.8,Expense,Normal
2024-07-10 21:31:10,2024,7,Public Bank,Food,Beverages,,13.7,Expense,Normal
2024-07-10 22:01:45,2024,7,Public Bank,Food,Dinner,,27.8,Expense,Normal
2024-07-11 08:28:45,2024,7,Cash,Food,Breakfast,,2.0,Expense,Normal
2024-07-11 14:00:20,2024,7,Cash,Food,Lunch,,12.5,Expense,Normal
2024-07-12 12:38:57,2024,7,Cash,Food,Beverages,,4.0,Expense,Normal
2024-07-12 12:39:34,2024,7,Cash,Food,Lunch,,9.0,Expense,Normal
2024-07-12 12:39:41,2024,7,Cash,Food,Lunch,,8.0,Expense,Normal
2024-07-12 12:39:44,2024,7,Cash,Food,Lunch,,7.0,Expense,Normal
2024-07-13 18:24:02,2024,7,Public Bank,Health,Gym,,8.0,Expense,Normal
2024-07-13 19:25:40,2024,7,Cash,Food,Dinner,,19.3,Expense,Normal
2024-07-14 16:03:24,2024,7,Public Bank,Health,Toiletries,,46.25,Expense,Normal
2024-07-14 16:51:59,2024,7,Public Bank,Food,Groceries,,108.9,Expense,Normal
2024-07-14 20:23:30,2024,7,Public Bank,Food,Lunch,,46.3,Expense,Normal
2024-07-15 09:21:33,2024,7,Cash,Food,Breakfast,,2.0,Expense,Normal
2024-07-15 14:43:47,2024,7,Public Bank,Other,,Fees,1.0,Expense,Normal
2024-07-15 14:43:47,2024,7,Public Bank,Cash,,,100.0,Transfer-Out,Transfer
2024-07-15 14:43:57,2024,7,Cash,Food,Lunch,,9.5,Expense,Normal
2024-07-15 17:55:08,2024,7,Cash,Food,Groceries,,18.5,Expense,Normal
2024-07-16 17:14:12,2024,7,Bank Islam,Allowance,,,40.0,Income,Normal
2024-07-17 09:06:36,2024,7,Cash,Other,Other,,6.9,Expense,Normal
2024-07-17 09:06:43,2024,7,Cash,Food,Breakfast,,3.0,Expense,Normal
2024-07-17 12:31:08,2024,7,Cash,Food,Lunch,,4.5,Expense,Normal
2024-07-17 17:53:46,2024,7,Cash,Food,Groceries,,12.4,Expense,Normal
2024-07-18 12:31:39,2024,7,Cash,Food,Lunch,,6.5,Expense,Normal
2024-07-19 12:30:41,2024,7,Cash,Food,Lunch,,27.0,Expense,Normal
2024-07-20 19:24:37,2024,7,Cash,Food,Dinner,,14.3,Expense,Normal
2024-07-20 19:24:47,2024,7,Cash,Health,Gym,,8.0,Expense,Normal
2024-07-20 19:39:19,2024,7,Public Bank,Food,Groceries,,135.6,Expense,Normal
2024-07-22 07:53:21,2024,7,Bank Islam,Other,,Fees,1.0,Expense,Normal
2024-07-22 07:53:21,2024,7,Bank Islam,Cash,,,50.0,Transfer-Out,Transfer
2024-07-22 07:53:30,2024,7,Public Bank,Other,,Fees,1.0,Expense,Normal
2024-07-22 07:53:30,2024,7,Public Bank,Cash,,,50.0,Transfer-Out,Transfer
2024-07-22 09:15:12,2024,7,Cash,Food,Breakfast,,3.0,Expense,Normal
2024-07-22 12:34:50,2024,7,Cash,Food,Lunch,,5.5,Expense,Normal
2024-07-22 17:49:56,2024,7,Public Bank,Health,Medicine,,7.5,Expense,Normal
2024-07-23 12:33:21,2024,7,Cash,Food,Lunch,,8.5,Expense,Normal
2024-07-23 17:58:28,2024,7,Cash,Food,Groceries,,3.0,Expense,Normal
2024-07-23 17:58:44,2024,7,Public Bank,Food,Groceries,,24.7,Expense,Normal
2024-07-24 12:59:17,2024,7,Cash,Food,Breakfast,,1.1,Expense,Normal
2024-07-24 12:59:27,2024,7,Cash,Food,Lunch,,8.5,Expense,Normal
2024-07-25 18:06:14,2024,7,Cash,Food,Dinner,,12.5,Expense,Normal
2024-07-25 18:06:22,2024,7,Cash,Food,Lunch,,6.5,Expense,Normal
2024-07-25 20:30:12,2024,7,Public Bank,Other,Movies,,70.5,Expense,Normal
2024-07-26 08:28:02,2024,7,Public Bank,Health,Toiletries,,7.09,Expense,Normal
2024-07-26 08:58:33,2024,7,Public Bank,Health,Toiletries,,7.8,Expense,Normal
2024-07-26 09:59:34,2024,7,Cash,Food,Breakfast,,3.0,Expense,Normal
2024-07-26 12:20:12,2024,7,Cash,Food,Lunch,,6.5,Expense,Normal
2024-07-26 12:27:37,2024,7,Cash,Food,Dinner,,9.0,Expense,Normal
2024-07-26 12:27:45,2024,7,Cash,Food,Beverages,,4.0,Expense,Normal
2024-07-28 00:00:00,2024,7,Cash,Touch N Go,,,20.0,Expense,Normal
2024-07-28 05:52:53,2024,7,Cash,Allowance,,,7.0,Income,Normal
2024-07-28 12:23:03,2024,7,Public Bank,Health,Medical Checkup,,30.0,Expense,Normal
2024-07-28 13:03:35,2024,7,Cash,Food,Lunch,,11.5,Expense,Normal
2024-07-28 13:06:19,2024,7,Cash,Transport,Touch N Go Transport,,20.0,Expense,Normal
2024-07-28 13:06:26,2024,7,Cash,Food,Beverages,,5.6,Expense,Normal
2024-07-28 18:18:19,2024,7,Public Bank,Allowance,,Sewa Rumah,400.0,Income,Normal
2024-07-29 08:36:36,2024,7,Cash,Food,Breakfast,,2.5,Expense,Normal
2024-07-29 08:36:43,2024,7,Cash,Food,Beverages,,2.2,Expense,Normal
2024-07-29 08:36:48,2024,7,Public Bank,Other,,Fees,1.0,Expense,Normal
2024-07-29 08:36:48,2024,7,Public Bank,Cash,,,100.0,Transfer-Out,Transfer
2024-07-29 12:37:40,2024,7,Cash,Food,Lunch,,7.5,Expense,Normal
2024-07-29 17:55:12,2024,7,Public Bank,Food,Groceries,,22.25,Expense,Normal
2024-07-30 09:23:47,2024,7,Cash,Food,Breakfast,,1.0,Expense,Normal
2024-07-30 12:24:20,2024,7,Cash,Food,Lunch,,5.5,Expense,Normal
2024-07-30 17:56:01,2024,7,Cash,Food,Groceries,,6.9,Expense,Normal
2024-07-31 06:52:04,2024,7,Public Bank,Phone,Yoodo,,17.0,Expense,Normal
2024-07-31 08:08:28,2024,7,Cash,Food,Breakfast,,2.0,Expense,Normal
2024-07-31 08:08:32,2024,7,Cash,Food,Beverages,,2.8,Expense,Normal
2024-07-31 12:32:35,2024,7,Cash,Food,Lunch,,9.5,Expense,Normal
2024-08-01 07:55:50,2024,8,Cash,Food,Breakfast,,4.0,Expense,Normal
2024-08-01 17:56:17,2024,8,Cash,Food,Groceries,,25.3,Expense,Normal
2024-08-02 07:38:45,2024,8,Public Bank,Health,Medical Checkup,,1.0,Expense,Normal
2024-08-02 08:34:39,2024,8,Public Bank,Health,Medical Checkup,,2.0,Expense,Normal
2024-08-02 12:22:16,2024,8,Cash,Food,Lunch,,8.0,Expense,Normal
2024-08-02 12:22:32,2024,8,Cash,Food,Dinner,,14.0,Expense,Normal
2024-08-02 15:54:05,2024,8,Public Bank,Bank Islam,,Sewa Rumah,50.0,Transfer-Out,Transfer
2024-08-02 15:54:18,2024,8,Bank Islam,Rent,,,50.0,Expense,Normal
2024-08-03 17:48:46,2024,8,Cash,Health,Gym,,8.0,Expense,Normal
2024-08-03 19:22:34,2024,8,Cash,Food,Dinner,,9.8,Expense,Normal
2024-08-04 13:16:47,2024,8,Public Bank,Allowance,,,50.0,Income,Normal
2024-08-04 13:16:47,2024,8,Cash,Transport,Parking Ticket,,2.0,Expense,Normal
2024-08-05 07:48:26,2024,8,Public Bank,Other,,Fees,1.0,Expense,Normal
2024-08-05 07:48:26,2024,8,Public Bank,Cash,,,50.0,Transfer-Out,Transfer
2024-08-05 07:56:31,2024,8,Cash,Food,Breakfast,,3.0,Expense,Normal
2024-08-05 07:56:37,2024,8,Cash,Food,Lunch,,3.0,Expense,Normal
2024-08-06 07:56:35,2024,8,Cash,Food,Breakfast,,4.5,Expense,Normal
2024-08-06 07:57:09,2024,8,Cash,Food,Lunch,,4.5,Expense,Normal
2024-08-06 18:08:46,2024,8,Cash,Food,Dinner,,13.2,Expense,Normal
2024-08-07 07:59:48,2024,8,Cash,Food,Breakfast,,4.5,Expense,Normal
2024-08-07 07:59:55,2024,8,Cash,Food,Lunch,,4.5,Expense,Normal
2024-08-08 00:00:00,2024,8,Cash,Touch N Go,,,50.0,Expense,Normal
2024-08-08 05:46:38,2024,8,Public Bank,Salary,,,1858.75,Income,Normal
2024-08-08 05:50:17,2024,8,SSPN,Public Bank,,,200.0,Transfer-Out,Transfer
2024-08-08 07:49:36,2024,8,Public Bank,Other,,Fees,1.0,Expense,Normal
2024-08-08 07:49:36,2024,8,Public Bank,Cash,,,100.0,Transfer-Out,Transfer
2024-08-08 07:57:18,2024,8,Cash,Food,Breakfast,,3.0,Expense,Normal
2024-08-08 07:57:22,2024,8,Cash,Food,Lunch,,6.0,Expense,Normal
2024-08-08 18:03:21,2024,8,Cash,Transport,Touch N Go Transport,,50.0,Expense,Normal
2024-08-08 18:03:29,2024,8,Cash,Other,Other,Pin Tilam,2.4,Expense,Normal
2024-08-08 18:23:45,2024,8,Cash,Food,Dinner,,13.8,Expense,Normal
2024-08-09 07:57:57,2024,8,Cash,Food,Breakfast,,3.0,Expense,Normal
2024-08-09 12:40:23,2024,8,Cash,Food,Beverages,,4.0,Expense,Normal
2024-08-09 12:40:34,2024,8,Cash,Food,Lunch,,4.0,Expense,Normal
2024-08-09 12:40:40,2024,8,Cash,Food,Lunch,,9.0,Expense,Normal
2024-08-09 14:18:23,2024,8,Cash,Other,Other,,1.0,Expense,Normal
2024-08-10 00:00:00,2024,8,Public Bank,Other,Hutang,Hutang Sewa Pami Baki 850,50.0,Expense,Normal
2024-08-10 00:00:00,2024,8,Public Bank,Kak Ani,,,100.0,Expense,Normal
2024-08-10 00:00:00,2024,8,Public Bank,Mak,,,150.0,Expense,Normal
2024-08-10 09:26:23,2024,8,Public Bank,Family,Mak,,150.0,Expense,Normal
2024-08-10 09:26:52,2024,8,Public Bank,Family,Kak Ani,,100.0,Expense,Normal
2024-08-10 09:29:27,2024,8,Public Bank,Phone,Maxis,,47.7,Expense,Normal
2024-08-10 09:31:02,2024,8,Public Bank,Hutang,Pami,Hutang Sewa Pami Baki 850,50.0,Expense,Normal
2024-08-10 10:50:53,2024,8,Cash,Food,Groceries,,7.9,Expense,Normal
2024-08-10 10:51:02,2024,8,Cash,Health,Dobi,,6.0,Expense,Normal
2024-08-10 11:18:59,2024,8,Cash,Health,Dobi,,9.5,Expense,Normal
2024-08-10 12:20:07,2024,8,Cash,Health,Gunting Rambut,,12.0,Expense,Normal
2024-08-10 12:48:45,2024,8,Cash,Food,Lunch,,12.7,Expense,Normal
2024-08-10 17:04:53,2024,8,Public Bank,Health,Gym,,8.0,Expense,Normal
2024-08-10 19:29:04,2024,8,Public Bank,Food,Dinner,,15.3,Expense,Normal
2024-08-10 19:38:24,2024,8,Public Bank,Food,Groceries,,47.8,Expense,Normal
2024-08-10 20:20:22,2024,8,Public Bank,Game,Arknight,,21.99,Expense,Normal
2024-08-11 00:00:00,2024,8,Public Bank,PTPTN,,,50.0,Expense,Normal
2024-08-11 11:39:58,2024,8,Public Bank,Hutang,PTPTN,,50.0,Expense,Normal
2024-08-11 12:55:07,2024,8,Public Bank,Food,Lunch,,12.1,Expense,Normal
2024-08-11 12:55:17,2024,8,Public Bank,Bank Islam,,,650.0,Transfer-Out,Transfer
2024-08-11 13:10:40,2024,8,Public Bank,Food,Groceries,,79.25,Expense,Normal
2024-08-12 11:24:51,2024,8,Public Bank,Other,Books,,7.99,Expense,Normal
2024-08-12 11:25:31,2024,8,Public Bank,Other,,Fees,1.0,Expense,Normal
2024-08-12 11:25:31,2024,8,Public Bank,Cash,,,100.0,Transfer-Out,Transfer
2024-08-12 16:20:59,2024,8,Cash,Food,Lunch,,10.0,Expense,Normal
2024-08-13 14:09:27,2024,8,Cash,Food,Lunch,,9.5,Expense,Normal
2024-08-14 09:05:49,2024,8,Cash,Food,Breakfast,,2.0,Expense,Normal
2024-08-14 11:21:39,2024,8,Public Bank,Game,Azurlane,,29.99,Expense,Normal
2024-08-14 12:32:41,2024,8,Cash,Food,Lunch,,7.5,Expense,Normal
2024-08-15 08:04:08,2024,8,Public Bank,Game,Honkai Star Rail,,19.9,Expense,Normal
2024-08-15 08:53:11,2024,8,Cash,Food,Breakfast,,5.0,Expense,Normal
2024-08-15 09:41:35,2024,8,Cash,Food,Breakfast,,4.0,Expense,Normal
2024-08-15 12:33:55,2024,8,Cash,Food,Lunch,,5.5,Expense,Normal
2024-08-16 18:14:43,2024,8,Public Bank,Food,Groceries,,16.5,Expense,Normal
2024-08-17 11:07:28,2024,8,Public Bank,Transport,Train,,10.0,Expense,Normal
2024-08-17 14:50:36,2024,8,Public Bank,Food,Lunch,,24.05,Expense,Normal
2024-08-17 15:51:46,2024,8,Public Bank,Health,Toiletries,,31.0,Expense,Normal
2024-08-17 15:58:48,2024,8,Public Bank,Food,Beverages,,15.0,Expense,Normal
2024-08-18 18:26:11,2024,8,Cash,Food,Dinner,,11.5,Expense,Normal
2024-08-18 18:40:33,2024,8,Public Bank,Food,Groceries,,35.4,Expense,Normal
2024-08-19 12:35:25,2024,8,Cash,Food,Lunch,,8.0,Expense,Normal
2024-08-20 12:16:06,2024,8,Cash,Food,Breakfast,,4.0,Expense,Normal
2024-08-20 12:34:09,2024,8,Cash,Food,Lunch,,5.0,Expense,Normal
2024-08-20 12:34:24,2024,8,Cash,Food,Beverages,,2.8,Expense,Normal
2024-08-21 16:00:00,2024,8,Cash,Food,Lunch,,10.0,Expense,Normal
2024-08-22 10:11:38,2024,8,Cash,Food,Breakfast,,5.0,Expense,Normal
2024-08-23 12:30:55,2024,8,Cash,Food,Lunch,,12.0,Expense,Normal
2024-08-23 12:31:03,2024,8,Cash,Food,Lunch,,9.0,Expense,Normal
2024-08-23 12:31:08,2024,8,Cash,Food,Dinner,,9.0,Expense,Normal
2024-08-24 13:18:59,2024,8,Public Bank,Simpanan,KWSP,,10.0,Expense,Normal
2024-08-24 15:50:32,2024,8,Public Bank,Transport,Train,,10.0,Expense,Normal
2024-08-24 15:50:38,2024,8,Public Bank,Food,Lunch,,25.9,Expense,Normal
2024-08-24 16:15:48,2024,8,Public Bank,Health,Toiletries,,30.3,Expense,Normal
2024-08-24 16:40:15,2024,8,Public Bank,Health,Toiletries,,25.6,Expense,Normal
2024-08-24 17:15:44,2024,8,Public Bank,Food,Groceries,,89.15,Expense,Normal
2024-08-24 21:14:35,2024,8,Cash,Food,Beverages,,4.5,Expense,Normal
2024-08-25 12:44:37,2024,8,Cash,Food,Lunch,,10.9,Expense,Normal
2024-08-25 15:28:06,2024,8,Bank Islam,Allowance,,Sewa Rumah,350.0,Income,Normal
2024-08-25 15:28:06,2024,8,Public Bank,Food,Groceries,,39.05,Expense,Normal
2024-08-26 12:39:51,2024,8,Cash,Food,Lunch,,8.5,Expense,Normal
2024-08-27 13:19:40,2024,8,Cash,Food,Lunch,,12.0,Expense,Normal
2024-08-27 13:22:13,2024,8,Cash,Food,Beverages,,4.0,Expense,Normal
2024-08-28 07:52:56,2024,8,Public Bank,Cash,,,100.0,Transfer-Out,Transfer
2024-08-28 07:52:56,2024,8,Public Bank,Other,,Fees,1.0,Expense,Normal
2024-08-28 08:56:32,2024,8,Cash,Food,Breakfast,,3.0,Expense,Normal
2024-08-28 12:35:24,2024,8,Cash,Food,Lunch,,6.5,Expense,Normal
2024-08-29 12:33:56,2024,8,Cash,Food,Lunch,,6.5,Expense,Normal
2024-08-29 18:20:28,2024,8,Bank Islam,Other,,Fees,0.1,Expense,Normal
2024-08-29 18:20:28,2024,8,Bank Islam,Public Bank,,,250.0,Transfer-Out,Transfer
2024-08-30 06:06:32,2024,8,Public Bank,Phone,Yoodo,,17.0,Expense,Normal
2024-08-30 09:14:51,2024,8,Cash,Food,Breakfast,,2.0,Expense,Normal
2024-08-30 17:39:38,2024,8,Cash,Food,Lunch,,14.0,Expense,Normal
2024-08-31 11:31:06,2024,8,Public Bank,Allowance,,,100.0,Income,Normal
2024-08-31 11:37:18,2024,8,Cash,Food,Lunch,,9.8,Expense,Normal
2024-08-31 12:04:13,2024,8,Public Bank,Food,Groceries,,54.45,Expense,Normal
2024-08-31 15:48:45,2024,8,Public Bank,Allowance,,STR,50.0,Income,Normal
2024-09-01 16:55:39,2024,9,Bank Islam,Rent,,,450.0,Expense,Normal
2024-09-01 18:39:32,2024,9,Cash,Food,Dinner,,12.0,Expense,Normal
2024-09-01 18:46:12,2024,9,Public Bank,Food,Groceries,,14.9,Expense,Normal
2024-09-01 18:46:35,2024,9,Public Bank,Health,Toiletries,,10.5,Expense,Normal
2024-09-01 20:30:47,2024,9,Public Bank,Other,Other,,59.96,Expense,Normal
2024-09-01 23:15:12,2024,9,Public Bank,Game,Genshin Impact,,19.9,Expense,Normal
2024-09-02 16:10:46,2024,9,Cash,Food,Lunch,,11.0,Expense,Normal
2024-09-03 12:14:53,2024,9,Cash,Food,Breakfast,,2.0,Expense,Normal
2024-09-03 12:27:38,2024,9,Cash,Food,Lunch,,9.5,Expense,Normal
2024-09-04 12:29:25,2024,9,Cash,Food,Lunch,,10.5,Expense,Normal
2024-09-04 19:29:22,2024,9,Cash,Food,Dinner,,13.5,Expense,Normal
2024-09-04 19:29:29,2024,9,Cash,Food,Groceries,,5.2,Expense,Normal
2024-09-05 17:25:29,2024,9,Cash,Food,Lunch,,5.5,Expense,Normal
2024-09-05 17:30:14,2024,9,Cash,Food,Groceries,,7.8,Expense,Normal
2024-09-06 12:54:36,2024,9,Cash,Food,Lunch,,7.0,Expense,Normal
2024-09-06 12:54:40,2024,9,Cash,Food,Lunch,,10.0,Expense,Normal
2024-09-07 10:04:01,2024,9,Cash,Food,Eating out,,7.0,Expense,Normal
2024-09-07 14:37:15,2024,9,Cash,Other,Other,Hadiah Kawin,10.0,Expense,Normal
2024-09-07 20:07:50,2024,9,Cash,Food,Beverages,,1.5,Expense,Normal
2024-09-07 20:12:23,2024,9,Public Bank,Other,,Fees,1.0,Expense,Normal
2024-09-07 20:12:23,2024,9,Public Bank,Cash,,,100.0,Transfer-Out,Transfer
2024-09-08 00:00:00,2024,9,Cash,Touch N Go,,,30.0,Expense,Normal
2024-09-08 07:35:52,2024,9,Cash,Health,Dobi,,10.0,Expense,Normal
2024-09-08 13:08:52,2024,9,Cash,Health,Gunting Rambut,,12.0,Expense,Normal
2024-09-08 13:12:40,2024,9,Cash,Transport,Touch N Go Transport,,30.0,Expense,Normal
2024-09-08 13:35:04,2024,9,Cash,Food,Lunch,,12.1,Expense,Normal
2024-09-08 15:36:28,2024,9,Public Bank,Transport,Train,,10.0,Expense,Normal
2024-09-08 17:45:52,2024,9,Cash,Food,Dinner,,12.0,Expense,Normal
2024-09-08 17:53:36,2024,9,Cash,Food,Beverages,,5.0,Expense,Normal
2024-09-08 19:32:07,2024,9,Cash,Public Bank,,,5.0,Transfer-Out,Transfer
2024-09-08 21:51:19,2024,9,Cash,Transport,Bus,,1.1,Expense,Normal
2024-09-08 23:50:58,2024,9,Public Bank,Game,Honkai Star Rail,,39.9,Expense,Normal
2024-09-09 00:00:00,2024,9,Public Bank,Mak,,,100.0,Expense,Normal
2024-09-09 00:00:00,2024,9,Public Bank,Kak Ani,,,100.0,Expense,Normal
2024-09-09 00:00:00,2024,9,Public Bank,Other,Hutang,Pami 800,50.0,Expense,Normal
2024-09-09 06:03:04,2024,9,Public Bank,Salary,,,1858.75,Income,Normal
2024-09-09 06:05:30,2024,9,Public Bank,Phone,Maxis,,47.7,Expense,Normal
2024-09-09 06:55:56,2024,9,Public Bank,Family,Mak,,100.0,Expense,Normal
2024-09-09 06:56:03,2024,9,Public Bank,Family,Kak Ani,,100.0,Expense,Normal
2024-09-09 06:56:08,2024,9,Public Bank,Hutang,Pami,Pami 800,50.0,Expense,Normal
2024-09-09 06:59:01,2024,9,Public Bank,Bank Islam,,,450.0,Transfer-Out,Transfer
2024-09-09 08:39:04,2024,9,Cash,Food,Breakfast,,4.0,Expense,Normal
2024-09-09 08:39:14,2024,9,Cash,Food,Beverages,,2.2,Expense,Normal
2024-09-09 18:53:30,2024,9,Public Bank,Food,Groceries,,58.65,Expense,Normal
2024-09-10 12:39:55,2024,9,Cash,Food,Lunch,,7.5,Expense,Normal
2024-09-11 09:01:08,2024,9,Public Bank,Health,Medical Checkup,,3.0,Expense,Normal
2024-09-11 15:24:26,2024,9,Cash,Food,Lunch,,12.5,Expense,Normal
2024-09-11 15:24:32,2024,9,Public Bank,Cash,,,100.0,Transfer-Out,Transfer
2024-09-11 15:24:32,2024,9,Public Bank,Other,,Fees,1.0,Expense,Normal
2024-09-12 12:36:23,2024,9,Cash,Food,Lunch,,8.0,Expense,Normal
2024-09-12 12:36:27,2024,9,Cash,Food,Beverages,,3.0,Expense,Normal
2024-09-12 17:25:45,2024,9,Bank Islam,Simpanan,Rize,,50.0,Expense,Normal
2024-09-13 12:23:38,2024,9,Cash,Food,Lunch,,12.0,Expense,Normal
2024-09-13 12:24:07,2024,9,Cash,Food,Eating out,,2.0,Expense,Normal
2024-09-13 12:24:12,2024,9,Cash,Food,Eating out,,2.0,Expense,Normal
2024-09-14 09:52:50,2024,9,Cash,Food,Breakfast,,1.6,Expense,Normal
2024-09-14 18:59:59,2024,9,Cash,Food,Beverages,,3.8,Expense,Normal
2024-09-14 19:00:12,2024,9,Cash,Food,Dinner,,10.9,Expense,Normal
2024-09-15 14:29:38,2024,9,Cash,Transport,Bus,,1.1,Expense,Normal
2024-09-15 15:06:56,2024,9,Public Bank,Food,Lunch,,37.4,Expense,Normal
2024-09-15 16:46:58,2024,9,Public Bank,Health,Toiletries,,82.15,Expense,Normal
2024-09-15 17:26:06,2024,9,Public Bank,Food,Groceries,,81.05,Expense,Normal
2024-09-15 19:09:57,2024,9,Cash,Transport,Bus,,1.1,Expense,Normal
2024-09-15 19:09:57,2024,9,Cash,Transport,Minyak,,5.0,Expense,Normal
2024-09-16 00:00:00,2024,9,Cash,Touch N Go,,,20.0,Expense,Normal
2024-09-16 13:38:53,2024,9,Cash,Transport,Touch N Go Transport,,20.0,Expense,Normal
2024-09-16 13:40:25,2024,9,Cash,Food,Beverages,,3.1,Expense,Normal
2024-09-16 13:44:13,2024,9,Cash,Food,Lunch,,8.0,Expense,Normal
2024-09-16 13:56:09,2024,9,Public Bank,Food,Groceries,,37.0,Expense,Normal
2024-09-16 17:12:08,2024,9,Public Bank,Food,Groceries,,9.9,Expense,Normal
2024-09-17 12:33:26,2024,9,Cash,Food,Lunch,,7.5,Expense,Normal
2024-09-17 16:48:54,2024,9,Public Bank,Other,Other,Claude,92.21,Expense,Normal
2024-09-18 07:44:07,2024,9,Public Bank,Other,,Fees,1.0,Expense,Normal
2024-09-18 07:44:07,2024,9,Public Bank,Cash,,,100.0,Transfer-Out,Transfer
2024-09-18 07:52:14,2024,9,Public Bank,Game,Honkai Star Rail,,19.9,Expense,Normal
2024-09-19 12:32:47,2024,9,Cash,Food,Lunch,,10.0,Expense,Normal
2024-09-19 12:33:12,2024,9,Cash,Food,Lunch,,3.0,Expense,Normal
2024-09-19 12:33:18,2024,9,Cash,Food,Beverages,,5.0,Expense,Normal
2024-09-20 12:54:58,2024,9,Cash,Food,Lunch,,15.0,Expense,Normal
2024-09-20 12:55:02,2024,9,Cash,Food,Lunch,,5.0,Expense,Normal
2024-09-20 14:13:10,2024,9,Cash,Food,Beverages,,2.2,Expense,Normal
2024-09-22 11:45:28,2024,9,Public Bank,Game,Arknight,,21.99,Expense,Normal
2024-09-22 18:26:25,2024,9,Cash,Food,Dinner,,8.0,Expense,Normal
2024-09-22 18:26:33,2024,9,Cash,Food,Beverages,,3.5,Expense,Normal
2024-09-22 18:35:52,2024,9,Public Bank,Food,Groceries,,42.0,Expense,Normal
2024-09-23 08:40:04,2024,9,Cash,Food,Breakfast,,3.0,Expense,Normal
2024-09-23 12:55:53,2024,9,Cash,Food,Lunch,,7.0,Expense,Normal
2024-09-24 08:32:52,2024,9,Cash,Food,Breakfast,,3.0,Expense,Normal
2024-09-24 20:13:07,2024,9,Cash,Food,Lunch,,5.5,Expense,Normal
2024-09-24 20:13:15,2024,9,Bank Islam,Cash,,,100.0,Transfer-Out,Transfer
2024-09-25 09:48:44,2024,9,Cash,Food,Breakfast,,1.0,Expense,Normal
2024-09-25 12:30:09,2024,9,Cash,Food,Lunch,,7.5,Expense,Normal
2024-09-25 18:47:57,2024,9,Public Bank,Food,Groceries,,5.7,Expense,Normal
2024-09-26 08:44:01,2024,9,Cash,Food,Breakfast,,1.0,Expense,Normal
2024-09-26 12:28:02,2024,9,Cash,Food,Lunch,,5.0,Expense,Normal
2024-09-26 12:28:07,2024,9,Cash,Food,Lunch,,4.5,Expense,Normal
2024-09-26 12:28:11,2024,9,Cash,Food,Lunch,,10.0,Expense,Normal
2024-09-27 11:36:01,2024,9,Public Bank,Other,Other,Berry Baju Tokopedia,73.73,Expense,Normal
2024-09-27 18:33:05,2024,9,Public Bank,Food,Groceries,,13.1,Expense,Normal
2024-09-27 21:19:47,2024,9,Bank Islam,Allowance,,Sewa Rumah,200.0,Income,Normal
2024-09-28 00:00:00,2024,9,Public Bank,PTPTN,,,50.0,Expense,Normal
2024-09-28 13:52:11,2024,9,Public Bank,Hutang,PTPTN,,50.0,Expense,Normal
2024-09-28 14:38:00,2024,9,Public Bank,Allowance,,,50.0,Income,Normal
2024-09-28 18:28:36,2024,9,Cash,Food,Dinner,,13.9,Expense,Normal
2024-09-29 07:03:11,2024,9,Public Bank,Phone,Yoodo,,17.0,Expense,Normal
2024-09-29 09:58:02,2024,9,Cash,Food,Breakfast,,8.5,Expense,Normal
2024-09-29 18:01:27,2024,9,Public Bank,Food,Groceries,,13.0,Expense,Normal
2024-09-29 18:08:17,2024,9,Cash,Food,Dinner,,12.5,Expense,Normal
2024-09-29 19:00:39,2024,9,Bank Islam,Rent,,,450.0,Expense,Normal
2024-09-30 08:35:07,2024,9,Cash,Food,Breakfast,,3.0,Expense,Normal
2024-09-30 17:50:52,2024,9,Cash,Food,Lunch,,7.5,Expense,Normal
2024-10-01 11:22:50,2024,10,Cash,Food,Breakfast,,1.0,Expense,Normal
2024-10-01 12:27:58,2024,10,Cash,Food,Lunch,,3.5,Expense,Normal
2024-10-01 12:28:03,2024,10,Cash,Food,Lunch,,5.5,Expense,Normal
2024-10-02 07:54:36,2024,10,Public Bank,Cash,,,100.0,Transfer-Out,Transfer
2024-10-02 07:54:36,2024,10,Public Bank,Other,,Fees,1.0,Expense,Normal
2024-10-02 13:01:40,2024,10,Cash,Food,Lunch,,5.5,Expense,Normal
2024-10-02 13:01:44,2024,10,Cash,Food,Beverages,,1.8,Expense,Normal
2024-10-03 12:53:05,2024,10,Cash,Food,Lunch,,8.0,Expense,Normal
2024-10-03 12:53:10,2024,10,Cash,Food,Lunch,,6.0,Expense,Normal
2024-10-04 12:27:05,2024,10,Cash,Food,Dinner,,14.0,Expense,Normal
2024-10-04 12:29:49,2024,10,Cash,Food,Lunch,,12.0,Expense,Normal
2024-10-05 07:38:18,2024,10,Cash,Health,Dobi,,10.0,Expense,Normal
2024-10-05 07:50:15,2024,10,Cash,Food,Breakfast,,7.0,Expense,Normal
2024-10-05 07:50:22,2024,10,Cash,Food,Lunch,,7.5,Expense,Normal
2024-10-06 13:36:24,2024,10,Cash,Food,Meal Prep,,3.95,Expense,Normal
2024-10-06 14:17:57,2024,10,Public Bank,Food,Meal Prep,,72.2,Expense,Normal
2024-10-06 14:18:21,2024,10,Cash,Food,Lunch,,6.6,Expense,Normal
2024-10-07 12:29:15,2024,10,Cash,Food,Lunch,,8.5,Expense,Normal
2024-10-08 00:00:00,2024,10,Public Bank,Other,Hutang,Pami 750,50.0,Expense,Normal
2024-10-08 00:00:00,2024,10,Public Bank,Mak,,,100.0,Expense,Normal
2024-10-08 00:00:00,2024,10,Cash,Touch N Go,,,50.0,Expense,Normal
2024-10-08 00:00:00,2024,10,Public Bank,Kak Ani,,,100.0,Expense,Normal
2024-10-08 05:47:21,2024,10,Public Bank,Salary,,,1858.75,Income,Normal
2024-10-08 07:09:09,2024,10,Public Bank,Family,Mak,,100.0,Expense,Normal
2024-10-08 07:09:16,2024,10,Public Bank,Family,Kak Ani,,100.0,Expense,Normal
2024-10-08 07:09:24,2024,10,Public Bank,Hutang,Pami,Pami 750,50.0,Expense,Normal
2024-10-08 08:27:47,2024,10,Cash,Food,Breakfast,,5.0,Expense,Normal
2024-10-08 12:25:22,2024,10,Public Bank,Food,Lunch,,15.0,Expense,Normal
2024-10-08 12:25:27,2024,10,Cash,Food,Beverages,,6.0,Expense,Normal
2024-10-08 17:16:16,2024,10,Public Bank,Phone,Maxis,,47.7,Expense,Normal
2024-10-08 17:28:31,2024,10,Cash,Transport,Touch N Go Transport,,50.0,Expense,Normal
2024-10-08 17:50:19,2024,10,Cash,Food,Dinner,,13.8,Expense,Normal
2024-10-08 21:48:04,2024,10,Public Bank,Apparel,,Repair Kasut,35.0,Expense,Normal
2024-10-09 09:50:12,2024,10,Public Bank,Game,Genshin Impact,,19.9,Expense,Normal
2024-10-09 12:28:42,2024,10,Cash,Food,Lunch,,9.0,Expense,Normal
2024-10-09 18:35:28,2024,10,Public Bank,Food,Groceries,,49.35,Expense,Normal
2024-10-09 21:02:38,2024,10,Public Bank,Bank Islam,,,450.0,Transfer-Out,Transfer
2024-10-10 09:18:17,2024,10,Public Bank,Other,Other,,4.56,Expense,Normal
2024-10-11 12:43:12,2024,10,Cash,Food,Lunch,,12.0,Expense,Normal
2024-10-11 12:43:18,2024,10,Cash,Food,Lunch,,5.5,Expense,Normal
2024-10-11 12:43:23,2024,10,Cash,Food,Beverages,,7.5,Expense,Normal
2024-10-12 07:42:18,2024,10,Public Bank,Food,Breakfast,,10.0,Expense,Normal
2024-10-12 07:42:47,2024,10,Public Bank,Food,Lunch,,11.5,Expense,Normal
2024-10-13 17:57:15,2024,10,Public Bank,Food,Beverages,,5.0,Expense,Normal
2024-10-13 17:58:53,2024,10,Public Bank,Food,Dinner,,10.3,Expense,Normal
2024-10-13 18:12:26,2024,10,Public Bank,Food,Groceries,,56.1,Expense,Normal
2024-10-14 08:20:37,2024,10,Public Bank,Health,Medical Checkup,,1.0,Expense,Normal
2024-10-14 08:20:50,2024,10,Cash,Food,Beverages,,1.5,Expense,Normal
2024-10-14 09:48:38,2024,10,Public Bank,Other,,Fees,1.0,Expense,Normal
2024-10-14 09:48:38,2024,10,Public Bank,Cash,,,100.0,Transfer-Out,Transfer
2024-10-14 14:07:56,2024,10,Cash,Food,Lunch,,6.5,Expense,Normal
2024-10-15 07:35:07,2024,10,Public Bank,Health,Medical Checkup,,1.0,Expense,Normal
2024-10-15 12:45:02,2024,10,Cash,Food,Lunch,,12.0,Expense,Normal
2024-10-16 12:31:54,2024,10,Cash,Food,Lunch,,10.0,Expense,Normal
2024-10-16 22:26:11,2024,10,Public Bank,Other,Other,Duit Pos Berry,10.6,Expense,Normal
2024-10-17 12:52:44,2024,10,Cash,Food,Lunch,,8.0,Expense,Normal
2024-10-17 12:52:48,2024,10,Cash,Food,Beverages,,5.0,Expense,Normal
2024-10-18 12:11:06,2024,10,Cash,Food,Lunch,,12.0,Expense,Normal
2024-10-18 12:11:32,2024,10,Cash,Food,Dinner,,16.0,Expense,Normal
2024-10-18 12:45:26,2024,10,Bank Islam,Allowance,,Sewa Rumah,450.0,Income,Normal
2024-10-18 18:26:56,2024,10,Cash,Food,Groceries,,5.0,Expense,Normal
2024-10-19 15:48:20,2024,10,Public Bank,Food,Lunch,,17.95,Expense,Normal
2024-10-19 16:48:24,2024,10,Public Bank,Cash,,,100.0,Transfer-Out,Transfer
2024-10-19 21:58:00,2024,10,Public Bank,Food,Dinner,,13.2,Expense,Normal
2024-10-19 22:42:05,2024,10,Public Bank,Health,Toiletries,,70.05,Expense,Normal
2024-10-19 23:30:35,2024,10,Public Bank,Food,Groceries,,72.7,Expense,Normal
2024-10-19 23:30:43,2024,10,Public Bank,Food,Meal Prep,,39.5,Expense,Normal
2024-10-20 07:33:57,2024,10,Public Bank,Food,Breakfast,,10.0,Expense,Normal
2024-10-20 07:34:17,2024,10,Public Bank,Food,Dinner,,11.5,Expense,Normal
2024-10-20 11:10:48,2024,10,Cash,Health,Gunting Rambut,,12.0,Expense,Normal
2024-10-20 11:15:36,2024,10,Cash,Food,Beverages,,2.5,Expense,Normal
2024-10-20 19:05:29,2024,10,Cash,Food,Groceries,,4.0,Expense,Normal
2024-10-21 12:31:13,2024,10,Cash,Food,Lunch,,10.0,Expense,Normal
2024-10-22 12:22:33,2024,10,Cash,Food,Lunch,,10.0,Expense,Normal
2024-10-23 07:58:54,2024,10,Public Bank,Health,Medical Checkup,,5.0,Expense,Normal
2024-10-23 11:06:20,2024,10,Public Bank,Health,Medical Checkup,Cabut Gigi,50.0,Expense,Normal
2024-10-23 11:27:59,2024,10,Public Bank,Food,Beverages,,1.99,Expense,Normal
2024-10-23 12:10:09,2024,10,Public Bank,Food,Groceries,,25.2,Expense,Normal
2024-10-24 13:04:28,2024,10,Cash,Food,Lunch,,18.9,Expense,Normal
2024-10-24 13:24:24,2024,10,Cash,Transport,Bus,,1.1,Expense,Normal
2024-10-24 14:29:04,2024,10,Public Bank,Other,Computer,Service Laptop,100.0,Expense,Normal
2024-10-24 14:45:13,2024,10,Cash,Transport,Bus,,2.0,Expense,Normal
2024-10-24 15:51:53,2024,10,Public Bank,Food,Beverages,,6.4,Expense,Normal
2024-10-26 18:11:42,2024,10,Cash,Food,Meal Prep,,3.95,Expense,Normal
2024-10-26 18:46:21,2024,10,Cash,Food,Dinner,,15.3,Expense,Normal
2024-10-26 19:39:10,2024,10,Public Bank,Food,Meal Prep,,64.95,Expense,Normal
2024-10-26 19:39:55,2024,10,Public Bank,Food,Groceries,,15.6,Expense,Normal
2024-10-26 23:28:18,2024,10,Public Bank,Game,Arknight,,22.99,Expense,Normal
2024-10-27 16:49:13,2024,10,Cash,Food,Meal Prep,,7.9,Expense,Normal
2024-10-28 08:43:41,2024,10,Cash,Food,Breakfast,,5.0,Expense,Normal
2024-10-29 12:32:20,2024,10,Cash,Food,Lunch,,12.0,Expense,Normal
2024-10-29 12:32:30,2024,10,Cash,Food,Beverages,,5.0,Expense,Normal
2024-10-29 21:27:45,2024,10,Public Bank,Phone,Yoodo,,17.0,Expense,Normal
2024-10-30 08:06:40,2024,10,Public Bank,Health,Medical Checkup,,5.0,Expense,Normal
2024-10-30 17:49:37,2024,10,Cash,Food,Lunch,,7.0,Expense,Normal
2024-10-30 17:49:42,2024,10,Cash,Food,Groceries,,4.0,Expense,Normal
2024-10-30 19:28:34,2024,10,Bank Islam,Allowance,,,50.0,Income,Normal
2024-10-31 12:39:26,2024,10,Public Bank,Game,Honkai Star Rail,,19.9,Expense,Normal
2024-11-01 09:20:26,2024,11,Bank Islam,Rent,,,450.0,Expense,Normal
2024-11-01 18:10:22,2024,11,Public Bank,Food,Dinner,,18.3,Expense,Normal
2024-11-01 18:24:36,2024,11,Public Bank,Health,Toiletries,,30.9,Expense,Normal
2024-11-02 11:08:11,2024,11,Public Bank,Transport,Train,,5.0,Expense,Normal
2024-11-02 11:17:53,2024,11,Bank Islam,Public Bank,,,200.0,Transfer-Out,Transfer
2024-11-02 13:30:27,2024,11,Public Bank,Other,Movies,,44.0,Expense,Normal
2024-11-02 15:52:17,2024,11,Public Bank,Health,Toiletries,,7.9,Expense,Normal
2024-11-02 16:10:48,2024,11,Public Bank,Health,Toiletries,,30.55,Expense,Normal
2024-11-02 16:38:33,2024,11,Public Bank,Food,Eating out,,28.5,Expense,Normal
2024-11-03 15:03:53,2024,11,Public Bank,Food,Groceries,,2.4,Expense,Normal
2024-11-03 15:04:11,2024,11,Cash,Transport,Minyak,,6.0,Expense,Normal
2024-11-04 07:50:38,2024,11,Public Bank,Other,,Fees,1.0,Expense,Normal
2024-11-04 07:50:38,2024,11,Public Bank,Cash,,,100.0,Transfer-Out,Transfer
2024-11-04 08:29:30,2024,11,Cash,Food,Lunch,,4.0,Expense,Normal
2024-11-04 08:29:36,2024,11,Cash,Food,Breakfast,,4.0,Expense,Normal
2024-11-04 18:29:55,2024,11,Public Bank,Food,Groceries,,34.1,Expense,Normal
2024-11-05 12:15:26,2024,11,Cash,Food,Lunch,,6.5,Expense,Normal
2024-11-06 12:26:30,2024,11,Cash,Food,Lunch,,11.5,Expense,Normal
2024-11-07 12:11:15,2024,11,Cash,Food,Lunch,,11.0,Expense,Normal
2024-11-08 00:00:00,2024,11,Public Bank,Kak Ani,,,100.0,Expense,Normal
2024-11-08 00:00:00,2024,11,Cash,Touch N Go,,,50.0,Expense,Normal
2024-11-08 00:00:00,2024,11,Public Bank,Other,Hutang,Pami 720,30.0,Expense,Normal
2024-11-08 00:00:00,2024,11,Public Bank,Mak,,,50.0,Expense,Normal
2024-11-08 05:18:09,2024,11,Public Bank,Salary,,,1858.75,Income,Normal
2024-11-08 12:27:44,2024,11,Cash,Food,Lunch,,12.0,Expense,Normal
2024-11-08 12:27:49,2024,11,Cash,Food,Dinner,,14.0,Expense,Normal
2024-11-08 13:37:33,2024,11,Cash,Other,Other,,2.0,Expense,Normal
2024-11-08 18:31:09,2024,11,Cash,Transport,Touch N Go Transport,,50.0,Expense,Normal
2024-11-08 18:31:16,2024,11,Cash,Food,Beverages,,3.3,Expense,Normal
2024-11-08 19:57:04,2024,11,Public Bank,Family,Mak,,50.0,Expense,Normal
2024-11-08 19:57:08,2024,11,Public Bank,Family,Kak Ani,,100.0,Expense,Normal
2024-11-08 19:57:58,2024,11,Public Bank,Hutang,Pami,Pami 720,30.0,Expense,Normal
2024-11-08 20:04:47,2024,11,Public Bank,Bank Islam,,,450.0,Transfer-Out,Transfer
2024-11-09 10:13:41,2024,11,Public Bank,Phone,Maxis,,56.2,Expense,Normal
2024-11-09 18:17:36,2024,11,Public Bank,Food,Groceries,,12.5,Expense,Normal
2024-11-10 07:41:53,2024,11,Public Bank,Food,Lunch,,12.0,Expense,Normal
2024-11-10 07:42:05,2024,11,Public Bank,Food,Dinner,,11.0,Expense,Normal
2024-11-10 07:57:07,2024,11,Cash,Health,Dobi,,16.0,Expense,Normal
2024-11-11 07:52:12,2024,11,Public Bank,Other,,Fees,1.0,Expense,Normal
2024-11-11 07:52:12,2024,11,Public Bank,Cash,,,100.0,Transfer-Out,Transfer
2024-11-11 13:23:02,2024,11,Cash,Food,Lunch,,6.5,Expense,Normal
2024-11-13 18:30:35,2024,11,Cash,Food,Lunch,,14.0,Expense,Normal
2024-11-13 18:30:40,2024,11,Cash,Food,Beverages,,4.0,Expense,Normal
2024-11-13 18:30:44,2024,11,Public Bank,Allowance,,STR,100.0,Income,Normal
2024-11-13 18:50:10,2024,11,Public Bank,Food,Groceries,,19.15,Expense,Normal
2024-11-14 12:27:21,2024,11,Cash,Food,Lunch,,8.0,Expense,Normal
2024-11-14 12:27:26,2024,11,Cash,Food,Groceries,,20.0,Expense,Normal
2024-11-15 12:26:47,2024,11,Cash,Food,Lunch,,9.0,Expense,Normal
2024-11-15 19:09:11,2024,11,Cash,Food,Groceries,,6.9,Expense,Normal
2024-11-15 19:09:17,2024,11,Public Bank,Food,Meal Prep,,75.4,Expense,Normal
2024-11-15 19:09:31,2024,11,Public Bank,Food,Beverages,,4.5,Expense,Normal
2024-11-16 12:25:55,2024,11,Cash,Food,Meal Prep,,7.9,Expense,Normal
2024-11-16 12:49:36,2024,11,Cash,Food,Lunch,,10.9,Expense,Normal
2024-11-16 22:21:59,2024,11,Public Bank,Game,Genshin Impact,,19.9,Expense,Normal
2024-11-17 08:04:07,2024,11,Public Bank,Transport,Train,,10.0,Expense,Normal
2024-11-17 14:14:50,2024,11,Public Bank,Other,Movies,,28.5,Expense,Normal
2024-11-17 14:28:11,2024,11,Public Bank,Health,Toiletries,,26.4,Expense,Normal
2024-11-17 14:38:41,2024,11,Public Bank,Health,Toiletries,,25.35,Expense,Normal
2024-11-17 14:47:12,2024,11,Public Bank,Food,Lunch,,25.9,Expense,Normal
2024-11-18 18:25:39,2024,11,Cash,Food,Groceries,,4.0,Expense,Normal
2024-11-18 18:25:48,2024,11,Cash,Food,Lunch,,6.5,Expense,Normal
2024-11-19 17:28:50,2024,11,Cash,Food,Lunch,,12.0,Expense,Normal
2024-11-20 10:14:24,2024,11,Cash,Food,Lunch,,5.0,Expense,Normal
2024-11-20 10:14:24,2024,11,Cash,Food,Breakfast,,5.0,Expense,Normal
2024-11-21 10:14:13,2024,11,Public Bank,Game,Azurlane,,4.99,Expense,Normal
2024-11-21 16:22:52,2024,11,Cash,Food,Lunch,,8.5,Expense,Normal
2024-11-21 17:47:17,2024,11,Cash,Food,Dinner,,12.5,Expense,Normal
2024-11-22 07:51:29,2024,11,Public Bank,Other,,Fees,1.0,Expense,Normal
2024-11-22 07:51:29,2024,11,Public Bank,Cash,,,100.0,Transfer-Out,Transfer
2024-11-22 12:15:34,2024,11,Cash,Food,Lunch,,15.0,Expense,Normal
2024-11-22 12:15:38,2024,11,Cash,Food,Lunch,,2.0,Expense,Normal
2024-11-22 12:52:57,2024,11,Cash,Other,Other,,2.0,Expense,Normal
2024-11-24 00:00:00,2024,11,Public Bank,PTPTN,,,50.0,Expense,Normal
2024-11-24 07:33:12,2024,11,Public Bank,Food,Lunch,,8.0,Expense,Normal
2024-11-24 07:33:46,2024,11,Public Bank,Food,Dinner,,8.5,Expense,Normal
2024-11-24 18:11:10,2024,11,Public Bank,Hutang,PTPTN,,50.0,Expense,Normal
2024-11-25 15:24:06,2024,11,Cash,Food,Breakfast,,4.0,Expense,Normal
2024-11-25 15:24:11,2024,11,Cash,Food,Lunch,,4.0,Expense,Normal
2024-11-25 18:32:31,2024,11,Public Bank,Food,Groceries,,30.25,Expense,Normal
2024-11-26 12:18:56,2024,11,Cash,Food,Lunch,,11.5,Expense,Normal
2024-11-26 22:31:00,2024,11,Bank Islam,Allowance,,,450.0,Income,Normal
2024-11-27 12:39:26,2024,11,Cash,Food,Lunch,,6.5,Expense,Normal
2024-11-28 05:53:19,2024,11,Public Bank,Phone,Yoodo,,17.0,Expense,Normal
2024-11-28 12:27:43,2024,11,Cash,Food,Lunch,,8.5,Expense,Normal
2024-11-28 12:27:50,2024,11,Cash,Food,Beverages,,3.0,Expense,Normal
2024-11-28 12:27:55,2024,11,Cash,Food,Groceries,,30.0,Expense,Normal
2024-11-29 12:59:19,2024,11,Cash,Food,Lunch,,12.0,Expense,Normal
2024-11-29 12:59:23,2024,11,Public Bank,Cash,,,100.0,Transfer-Out,Transfer
2024-11-29 12:59:23,2024,11,Public Bank,Other,,Fees,1.0,Expense,Normal
2024-11-29 12:59:32,2024,11,Cash,Other,Other,,2.0,Expense,Normal
2024-11-29 19:07:36,2024,11,Cash,Food,Dinner,,16.9,Expense,Normal
2024-11-30 10:31:48,2024,11,Public Bank,Transport,Train,,10.0,Expense,Normal
2024-11-30 13:55:40,2024,11,Public Bank,Food,Lunch,,17.0,Expense,Normal
2024-11-30 14:18:20,2024,11,Public Bank,Health,Toiletries,,19.15,Expense,Normal
2024-11-30 14:33:33,2024,11,Public Bank,Food,Groceries,,32.97,Expense,Normal
2024-11-30 15:05:13,2024,11,Public Bank,Apparel,,,130.5,Expense,Normal
2024-11-30 17:03:19,2024,11,Cash,Food,Dinner,,9.8,Expense,Normal
2024-12-01 09:12:01,2024,12,Public Bank,Food,Lunch,,11.0,Expense,Normal
2024-12-01 09:12:08,2024,12,Public Bank,Food,Dinner,,11.0,Expense,Normal
2024-12-01 12:42:40,2024,12,Bank Islam,Rent,,,450.0,Expense,Normal
2024-12-01 21:10:27,2024,12,Public Bank,Game,Arknight,,22.99,Expense,Normal
2024-12-02 08:31:18,2024,12,Cash,Food,Lunch,,9.0,Expense,Normal
2024-12-02 08:31:37,2024,12,Cash,Food,Breakfast,,4.0,Expense,Normal
2024-12-03 16:18:29,2024,12,Cash,Food,Lunch,,9.0,Expense,Normal
2024-12-03 19:42:00,2024,12,Public Bank,Game,Honkai Star Rail,,19.9,Expense,Normal
2024-12-04 00:00:00,2024,12,Cash,Touch N Go,,,50.0,Expense,Normal
2024-12-04 12:26:40,2024,12,Cash,Food,Lunch,,8.0,Expense,Normal
2024-12-04 12:27:20,2024,12,Cash,Food,Beverages,,6.0,Expense,Normal
2024-12-04 12:27:25,2024,12,Public Bank,Other,,Fees,1.0,Expense,Normal
2024-12-04 12:27:25,2024,12,Public Bank,Cash,,,100.0,Transfer-Out,Transfer
2024-12-04 18:26:52,2024,12,Cash,Transport,Touch N Go Transport,,50.0,Expense,Normal
2024-12-04 18:51:28,2024,12,Cash,Food,Dinner,,15.3,Expense,Normal
2024-12-05 11:17:13,2024,12,Public Bank,Transport,Train,,20.0,Expense,Normal
2024-12-05 12:53:54,2024,12,Cash,Food,Lunch,,11.9,Expense,Normal
2024-12-06 10:26:09,2024,12,Public Bank,Other,Other,,60.0,Expense,Normal
2024-12-06 23:03:39,2024,12,Cash,Food,Beverages,,2.0,Expense,Normal
2024-12-07 05:16:36,2024,12,Cash,Health,Dobi,,16.0,Expense,Normal
2024-12-07 11:19:44,2024,12,Cash,Food,Lunch,,6.1,Expense,Normal
2024-12-07 11:19:50,2024,12,Cash,Health,Gunting Rambut,,12.0,Expense,Normal
2024-12-09 00:00:00,2024,12,Public Bank,Kak Ani,,,100.0,Expense,Normal
2024-12-09 00:00:00,2024,12,Public Bank,Other,Hutang,Pami 690,30.0,Expense,Normal
2024-12-09 05:49:30,2024,12,Public Bank,Salary,,,1858.75,Income,Normal
2024-12-09 07:56:38,2024,12,Public Bank,Hutang,Pami,Pami 690,30.0,Expense,Normal
2024-12-09 07:56:55,2024,12,Public Bank,Bank Islam,,,450.0,Transfer-Out,Transfer
2024-12-09 07:57:03,2024,12,Public Bank,Other,,Fees,1.0,Expense,Normal
2024-12-09 07:57:03,2024,12,Public Bank,Cash,,,100.0,Transfer-Out,Transfer
2024-12-09 12:20:44,2024,12,Cash,Food,Lunch,,13.0,Expense,Normal
2024-12-09 12:22:48,2024,12,Public Bank,Family,Kak Ani,,100.0,Expense,Normal
2024-12-09 12:22:48,2024,12,Public Bank,Phone,Maxis,,58.3,Expense,Normal
2024-12-10 12:21:26,2024,12,Cash,Food,Lunch,,12.0,Expense,Normal
2024-12-10 12:21:30,2024,12,Cash,Food,Groceries,,10.0,Expense,Normal
2024-12-10 17:28:45,2024,12,Cash,Food,Groceries,,6.9,Expense,Normal
2024-12-11 00:00:00,2024,12,Public Bank,PTPTN,,,100.0,Expense,Normal
2024-12-11 08:53:28,2024,12,Public Bank,Hutang,PTPTN,,100.0,Expense,Normal
2024-12-11 12:21:27,2024,12,Cash,Food,Lunch,,7.0,Expense,Normal
2024-12-11 20:12:10,2024,12,Cash,Food,Dinner,,20.8,Expense,Normal
2024-12-11 20:27:48,2024,12,Cash,Food,Beverages,,7.0,Expense,Normal
2024-12-13 13:53:02,2024,12,Cash,Allowance,,,300.0,Income,Normal
2024-12-13 13:53:49,2024,12,Cash,Apparel,,,119.5,Expense,Normal
2024-12-13 13:53:59,2024,12,Public Bank,Apparel,,,149.9,Expense,Normal
2024-12-13 15:39:15,2024,12,Cash,Food,Eating out,,10.0,Expense,Normal
2024-12-13 15:49:36,2024,12,Cash,Food,Beverages,,2.0,Expense,Normal
2024-12-14 08:31:35,2024,12,Cash,Transport,Train,,13.2,Expense,Normal
2024-12-14 09:42:55,2024,12,Cash,Other,Other,Putrajaya Cruise,50.0,Expense,Normal
2024-12-14 16:01:55,2024,12,Cash,Food,Eating out,,10.0,Expense,Normal
2024-12-15 11:59:26,2024,12,Cash,Apparel,,,1.3,Expense,Normal
2024-12-15 12:43:58,2024,12,Public Bank,Food,Lunch,,36.2,Expense,Normal
2024-12-15 16:02:57,2024,12,Cash,Food,Beverages,,3.5,Expense,Normal
2024-12-16 05:33:10,2024,12,Public Bank,Allowance,,,100.0,Income,Normal
2024-12-16 05:33:18,2024,12,Cash,Allowance,,,310.0,Income,Normal
2024-12-16 07:07:09,2024,12,Cash,Allowance,,,50.0,Income,Normal
2024-12-16 08:37:56,2024,12,Cash,Food,Breakfast,,3.9,Expense,Normal
2024-12-16 12:43:56,2024,12,Cash,Health,Dobi,,16.0,Expense,Normal
2024-12-16 16:57:22,2024,12,Cash,Public Bank,,,10.0,Transfer-Out,Transfer
2024-12-16 18:35:52,2024,12,Cash,Food,Dinner,,11.5,Expense,Normal
2024-12-16 18:38:25,2024,12,Public Bank,Food,Groceries,,11.9,Expense,Normal
2024-12-17 12:53:36,2024,12,Cash,Food,Lunch,,2.0,Expense,Normal
2024-12-17 12:53:42,2024,12,Cash,Food,Lunch,,12.0,Expense,Normal
2024-12-18 12:34:40,2024,12,Cash,Food,Lunch,,7.5,Expense,Normal
2024-12-18 12:34:46,2024,12,Cash,Food,Lunch,,5.0,Expense,Normal
2024-12-18 18:36:41,2024,12,Cash,Food,Dinner,,12.0,Expense,Normal
2024-12-19 18:23:15,2024,12,Cash,Food,Lunch,,19.5,Expense,Normal
2024-12-19 18:23:15,2024,12,Cash,Food,Groceries,,20.0,Expense,Normal
2024-12-20 11:02:55,2024,12,Public Bank,Allowance,,,50.0,Income,Normal
2024-12-21 12:38:17,2024,12,Public Bank,Other,Other,Ijat Hutang,90.0,Expense,Normal
2024-12-21 12:58:10,2024,12,Cash,Food,Beverages,,3.9,Expense,Normal
2024-12-21 13:04:06,2024,12,Public Bank,Food,Meal Prep,,35.25,Expense,Normal
2024-12-21 17:56:33,2024,12,Cash,Food,Beverages,,3.1,Expense,Normal
2024-12-22 07:37:36,2024,12,Public Bank,Food,Lunch,,11.0,Expense,Normal
2024-12-22 07:37:45,2024,12,Public Bank,Food,Dinner,,11.0,Expense,Normal
2024-12-22 14:54:30,2024,12,Public Bank,Food,Eating out,,53.0,Expense,Normal
2024-12-22 16:06:28,2024,12,Public Bank,Other,Other,,9.0,Expense,Normal
2024-12-22 18:37:20,2024,12,Cash,Transport,Parking Ticket,,6.0,Expense,Normal
2024-12-23 07:43:02,2024,12,Public Bank,Cash,,,100.0,Transfer-Out,Transfer
2024-12-23 07:43:02,2024,12,Public Bank,Other,,Fees,1.0,Expense,Normal
2024-12-23 12:19:49,2024,12,Cash,Food,Breakfast,,3.0,Expense,Normal
2024-12-23 12:19:54,2024,12,Cash,Food,Lunch,,13.0,Expense,Normal
2024-12-23 16:23:30,2024,12,Public Bank,Other,Other,Duit Kelab DOSM,35.0,Expense,Normal
2024-12-23 19:45:37,2024,12,Cash,Food,Dinner,,12.5,Expense,Normal
2024-12-24 12:31:15,2024,12,Cash,Food,Lunch,,12.0,Expense,Normal
2024-12-24 12:31:26,2024,12,Cash,Food,Dinner,,10.0,Expense,Normal
2024-12-25 19:40:44,2024,12,Public Bank,Food,Eating out,,50.8,Expense,Normal
2024-12-25 22:09:36,2024,12,Public Bank,Game,Genshin Impact,,19.9,Expense,Normal
2024-12-26 18:06:50,2024,12,Cash,Food,Dinner,,15.3,Expense,Normal
2024-12-26 18:11:22,2024,12,Public Bank,Food,Meal Prep,,24.0,Expense,Normal
2024-12-27 18:06:01,2024,12,Cash,Food,Dinner,,12.5,Expense,Normal
2024-12-27 19:04:15,2024,12,Bank Islam,Allowance,,,200.0,Income,Normal
2024-12-28 05:50:37,2024,12,Public Bank,Phone,Yoodo,,17.0,Expense,Normal
2024-12-28 12:05:09,2024,12,Cash,Transport,Bus,,2.2,Expense,Normal
2024-12-28 12:52:05,2024,12,Public Bank,Other,Movies,,40.0,Expense,Normal
2024-12-28 13:45:16,2024,12,Public Bank,Food,Meal Prep,Protein Shake,11.5,Expense,Normal
2024-12-28 13:46:16,2024,12,Public Bank,Health,Toiletries,,24.85,Expense,Normal
2024-12-28 16:22:04,2024,12,Public Bank,Health,Toiletries,,65.9,Expense,Normal
2024-12-28 16:46:08,2024,12,Public Bank,Food,Meal Prep,,50.0,Expense,Normal
2024-12-28 17:07:41,2024,12,Public Bank,Food,Dinner,,30.0,Expense,Normal
2024-12-29 14:01:54,2024,12,Cash,Food,Meal Prep,,7.0,Expense,Normal
2024-12-30 12:30:19,2024,12,Cash,Food,Lunch,,7.5,Expense,Normal
2024-12-31 12:37:28,2024,12,Cash,Food,Lunch,,14.0,Expense,Normal
2024-12-31 22:19:20,2024,12,Public Bank,Other,Shopee,,130.47,Expense,Normal
2025-01-01 18:39:54,2025,1,Cash,Food,Dinner,,14.3,Expense,Normal
2025-01-02 07:57:43,2025,1,Cash,Health,Medical Checkup,,3.0,Expense,Normal
2025-01-02 09:20:22,2025,1,Public Bank,Food,Breakfast,,15.5,Expense,Normal
2025-01-02 11:12:26,2025,1,Bank Islam,Rent,,,450.0,Expense,Normal
2025-01-02 11:25:36,2025,1,Public Bank,Game,Honkai Star Rail,,19.9,Expense,Normal
2025-01-03 07:10:23,2025,1,Public Bank,Game,Genshin Impact,,19.9,Expense,Normal
2025-01-03 12:34:49,2025,1,Public Bank,Allowance,,,100.0,Income,Normal
2025-01-03 18:13:21,2025,1,Public Bank,Food,Dinner,,17.0,Expense,Normal
2025-01-04 11:17:29,2025,1,Public Bank,Game,Azurlane,,37.99,Expense,Normal
2025-01-05 12:59:57,2025,1,Public Bank,Food,Lunch,,9.3,Expense,Normal
2025-01-05 13:10:36,2025,1,Cash,Other,Other,Gas Dapur,35.0,Expense,Normal
2025-01-05 20:44:26,2025,1,Public Bank,Food,Dinner,,15.8,Expense,Normal
2025-01-06 13:04:09,2025,1,Public Bank,Allowance,,,200.0,Income,Normal
2025-01-06 13:36:44,2025,1,Cash,Food,Lunch,,7.0,Expense,Normal
2025-01-06 13:43:47,2025,1,Cash,Food,Groceries,,54.5,Expense,Normal
2025-01-07 18:16:44,2025,1,Cash,Food,Dinner,,14.3,Expense,Normal
2025-01-08 05:27:45,2025,1,Cash,Health,Dobi,,16.0,Expense,Normal
2025-01-08 11:57:03,2025,1,Cash,Food,Lunch,,9.9,Expense,Normal
2025-01-08 12:15:04,2025,1,Bank Rakyat,Health,Gunting Rambut,,12.0,Expense,Normal
2025-01-08 17:10:42,2025,1,Public Bank,Other,Other,Hadiah Bday Berry,25.0,Expense,Normal
2025-01-09 00:00:00,2025,1,Public Bank,Other,Hutang,Pami 660,30.0,Expense,Normal
2025-01-09 00:00:00,2025,1,Public Bank,Kak Ani,,,100.0,Expense,Normal
2025-01-09 03:57:30,2025,1,Public Bank,Salary,,,1858.75,Income,Normal
2025-01-09 07:54:48,2025,1,Public Bank,Other,,Fees,1.0,Expense,Normal
2025-01-09 07:54:48,2025,1,Public Bank,Cash,,,100.0,Transfer-Out,Transfer
2025-01-09 07:56:33,2025,1,Public Bank,Hutang,Pami,Pami 660,30.0,Expense,Normal
2025-01-09 07:57:40,2025,1,Public Bank,Bank Islam,,,450.0,Transfer-Out,Transfer
2025-01-09 07:58:23,2025,1,Public Bank,Family,Kak Ani,,100.0,Expense,Normal
2025-01-09 10:48:03,2025,1,Public Bank,Phone,Maxis,,58.3,Expense,Normal
2025-01-09 17:10:37,2025,1,Cash,Food,Lunch,,8.5,Expense,Normal
2025-01-09 17:11:00,2025,1,Cash,Food,Groceries,,20.0,Expense,Normal
2025-01-10 12:00:37,2025,1,Public Bank,Phone,Maxis,,10.0,Expense,Normal
2025-01-10 13:31:54,2025,1,Cash,Food,Lunch,,14.0,Expense,Normal
2025-01-11 00:00:00,2025,1,Public Bank,PTPTN,,,50.0,Expense,Normal
2025-01-11 11:34:49,2025,1,Public Bank,Hutang,PTPTN,,50.0,Expense,Normal
2025-01-12 17:52:59,2025,1,Public Bank,Food,Dinner,,17.0,Expense,Normal
2025-01-12 22:44:34,2025,1,Public Bank,Game,Honkai Star Rail,,39.9,Expense,Normal
2025-01-13 18:50:22,2025,1,Public Bank,Food,Groceries,,39.2,Expense,Normal
2025-01-13 18:50:34,2025,1,Cash,Food,Breakfast,,2.0,Expense,Normal
2025-01-13 18:50:40,2025,1,Cash,Food,Beverages,,2.0,Expense,Normal
2025-01-13 18:50:44,2025,1,Cash,Food,Lunch,,8.0,Expense,Normal
2025-01-14 15:48:15,2025,1,Cash,Food,Lunch,,12.0,Expense,Normal
2025-01-15 15:48:15,2025,1,Cash,Food,Lunch,,8.0,Expense,Normal
2025-01-16 07:56:33,2025,1,Cash,Food,Breakfast,,3.0,Expense,Normal
2025-01-16 07:56:37,2025,1,Cash,Food,Beverages,,2.2,Expense,Normal
2025-01-16 14:12:34,2025,1,Cash,Food,Lunch,,8.5,Expense,Normal
2025-01-17 10:57:22,2025,1,Cash,Food,Lunch,,14.0,Expense,Normal
2025-01-18 10:57:00,2025,1,Cash,Transport,Train,,5.0,Expense,Normal
2025-01-18 12:53:46,2025,1,Public Bank,Apparel,,,49.9,Expense,Normal
2025-01-18 12:53:54,2025,1,Public Bank,Health,Toiletries,,22.15,Expense,Normal
2025-01-18 13:15:14,2025,1,Public Bank,Food,Lunch,,26.9,Expense,Normal
2025-01-18 14:48:29,2025,1,Public Bank,Health,Toiletries,,125.75,Expense,Normal
2025-01-18 14:55:15,2025,1,Public Bank,Food,Groceries,,45.96,Expense,Normal
2025-01-19 00:00:00,2025,1,Cash,Touch N Go,,,50.0,Expense,Normal
2025-01-19 09:00:49,2025,1,Public Bank,Food,Lunch,,10.0,Expense,Normal
2025-01-19 09:01:10,2025,1,Public Bank,Food,Dinner,,10.5,Expense,Normal
2025-01-19 17:42:25,2025,1,Public Bank,Other,,Fees,1.0,Expense,Normal
2025-01-19 17:42:25,2025,1,Public Bank,Cash,,,100.0,Transfer-Out,Transfer
2025-01-19 17:42:31,2025,1,Cash,Transport,Touch N Go Transport,,50.0,Expense,Normal
2025-01-19 17:49:28,2025,1,Public Bank,Food,Groceries,,42.15,Expense,Normal
2025-01-20 12:32:08,2025,1,Cash,Food,Lunch,,7.5,Expense,Normal
2025-01-20 19:08:30,2025,1,Cash,Other,Other,Plastik Sampah,6.9,Expense,Normal
2025-01-21 08:07:34,2025,1,Cash,Food,Breakfast,,2.0,Expense,Normal
2025-01-21 08:07:38,2025,1,Cash,Food,Beverages,,2.2,Expense,Normal
2025-01-21 12:40:09,2025,1,Cash,Food,Lunch,,13.0,Expense,Normal
2025-01-22 14:57:06,2025,1,Public Bank,Other,Other,Duti Setem,10.0,Expense,Normal
2025-01-22 18:05:37,2025,1,Public Bank,Allowance,,STR,150.0,Income,Normal
2025-01-22 21:36:58,2025,1,Cash,Food,Breakfast,,3.0,Expense,Normal
2025-01-22 21:36:58,2025,1,Public Bank,Other,Other,Bday Kak Fara,20.0,Expense,Normal
2025-01-23 07:45:37,2025,1,Cash,Food,Breakfast,,2.0,Expense,Normal
2025-01-23 12:30:24,2025,1,Cash,Food,Lunch,,8.5,Expense,Normal
2025-01-23 12:30:28,2025,1,Cash,Food,Groceries,,20.0,Expense,Normal
2025-01-23 16:33:42,2025,1,Public Bank,Food,Groceries,Protein Powder,139.0,Expense,Normal
2025-01-24 12:19:42,2025,1,Cash,Food,Lunch,,12.0,Expense,Normal
2025-01-24 12:20:00,2025,1,Cash,Food,Dinner,,9.0,Expense,Normal
2025-01-25 18:44:40,2025,1,Cash,Food,Dinner,,16.3,Expense,Normal
2025-01-25 18:49:34,2025,1,Public Bank,Food,Groceries,,17.8,Expense,Normal
2025-01-26 21:33:06,2025,1,Cash,Public Bank,,,10.0,Transfer-Out,Transfer
2025-01-27 05:53:02,2025,1,Public Bank,Phone,Yoodo,,17.0,Expense,Normal
2025-01-27 15:20:10,2025,1,Cash,Food,Dinner,,3.0,Expense,Normal
2025-01-27 15:20:15,2025,1,Cash,Food,Lunch,,7.5,Expense,Normal
2025-01-27 19:07:22,2025,1,Public Bank,Food,Groceries,,10.5,Expense,Normal
2025-01-28 12:44:11,2025,1,Cash,Food,Lunch,,2.0,Expense,Normal
2025-01-28 12:44:15,2025,1,Cash,Food,Lunch,,10.0,Expense,Normal
2025-01-28 20:44:15,2025,1,Public Bank,Food,Beverages,,7.0,Expense,Normal
2025-01-28 20:52:40,2025,1,Public Bank,Food,Dinner,,9.0,Expense,Normal
2025-01-28 22:02:29,2025,1,Public Bank,Other,Other,Busker,5.0,Expense,Normal
2025-01-29 18:02:42,2025,1,Public Bank,Other,Other,Bday Ramizah,40.0,Expense,Normal
2025-01-29 18:16:27,2025,1,Public Bank,Food,Dinner,,12.0,Expense,Normal
2025-01-29 21:14:49,2025,1,Public Bank,Other,Other,Homestay + Doorgift Pika,64.55,Expense,Normal
2025-01-30 18:20:05,2025,1,Cash,Food,Dinner,,16.7,Expense,Normal
2025-01-31 08:39:30,2025,1,Bank Islam,Rent,,,450.0,Expense,Normal
2025-01-31 09:57:25,2025,1,Public Bank,Other,Other,KR Convention,80.0,Expense,Normal
2025-01-31 14:41:29,2025,1,Cash,Food,Lunch,,8.0,Expense,Normal
2025-01-31 18:22:53,2025,1,Cash,Food,Dinner,,12.0,Expense,Normal
2025-02-01 13:16:41,2025,2,Public Bank,Food,Eating out,,4.2,Expense,Normal
2025-02-01 13:17:01,2025,2,Public Bank,Other,Other,KR Merch,89.0,Expense,Normal
2025-02-01 13:33:21,2025,2,Public Bank,Food,Lunch,,30.0,Expense,Normal
2025-02-01 14:22:14,2025,2,Public Bank,Health,Toiletries,,9.75,Expense,Normal
2025-02-01 18:46:57,2025,2,Public Bank,Food,Groceries,,19.2,Expense,Normal
2025-02-02 08:45:35,2025,2,Public Bank,Food,Lunch,,10.0,Expense,Normal
2025-02-02 08:45:41,2025,2,Public Bank,Food,Dinner,,10.5,Expense,Normal
2025-02-02 18:18:47,2025,2,Public Bank,Other,Other,,20.0,Expense,Normal
2025-02-03 12:46:58,2025,2,Cash,Food,Breakfast,,2.0,Expense,Normal
2025-02-03 12:47:13,2025,2,Cash,Food,Dinner,,3.0,Expense,Normal
2025-02-03 12:47:19,2025,2,Cash,Food,Lunch,,6.5,Expense,Normal
2025-02-03 20:40:23,2025,2,Public Bank,Other,Shopee,,46.85,Expense,Normal
2025-02-04 07:48:26,2025,2,Cash,Food,Breakfast,,3.0,Expense,Normal
2025-02-04 07:48:31,2025,2,Cash,Food,Dinner,,3.0,Expense,Normal
2025-02-04 07:48:35,2025,2,Cash,Food,Beverages,,2.0,Expense,Normal
2025-02-04 12:30:42,2025,2,Cash,Food,Eating out,Asam,5.0,Expense,Normal
2025-02-04 12:30:55,2025,2,Cash,Food,Groceries,Kurma,15.0,Expense,Normal
2025-02-04 12:31:07,2025,2,Cash,Food,Lunch,,10.0,Expense,Normal
2025-02-04 17:45:59,2025,2,Public Bank,Food,Groceries,,9.3,Expense,Normal
2025-02-05 12:32:30,2025,2,Cash,Food,Lunch,,8.0,Expense,Normal
2025-02-06 12:30:45,2025,2,Public Bank,Other,,Fees,1.0,Expense,Normal
2025-02-06 12:30:45,2025,2,Public Bank,Cash,,,100.0,Transfer-Out,Transfer
2025-02-06 12:30:53,2025,2,Cash,Food,Lunch,,8.0,Expense,Normal
2025-02-06 12:30:57,2025,2,Cash,Food,Dinner,,8.0,Expense,Normal
2025-02-06 21:35:00,2025,2,Public Bank,Allowance,,Ijat Hutang,90.0,Income,Normal
2025-02-07 15:54:08,2025,2,Public Bank,Food,Lunch,,15.0,Expense,Normal
2025-02-07 15:54:08,2025,2,Cash,Food,Eating out,,6.2,Expense,Normal
2025-02-08 17:14:47,2025,2,Public Bank,Transport,Minyak,,30.0,Expense,Normal
2025-02-08 17:28:49,2025,2,Public Bank,Other,Other,JJCM,32.0,Expense,Normal
2025-02-08 18:24:41,2025,2,Public Bank,Food,Groceries,,57.95,Expense,Normal
2025-02-09 05:55:48,2025,2,Cash,Health,Dobi,,16.0,Expense,Normal
2025-02-09 18:37:31,2025,2,Public Bank,Food,Dinner,,11.0,Expense,Normal
2025-02-10 00:00:00,2025,2,Public Bank,Kak Ani,,,100.0,Expense,Normal
2025-02-10 00:00:00,2025,2,Public Bank,Mak,,,50.0,Expense,Normal
2025-02-10 00:00:00,2025,2,Public Bank,Other,Hutang,Pami 630,30.0,Expense,Normal
2025-02-10 06:09:44,2025,2,Public Bank,Salary,,,1393.25,Income,Normal
2025-02-10 07:50:02,2025,2,Cash,Food,Breakfast,,2.0,Expense,Normal
2025-02-10 07:50:08,2025,2,Cash,Food,Dinner,,2.0,Expense,Normal
2025-02-10 08:11:09,2025,2,Public Bank,Hutang,Pami,Pami 630,30.0,Expense,Normal
2025-02-10 08:11:24,2025,2,Public Bank,Family,Mak,,50.0,Expense,Normal
2025-02-10 08:11:29,2025,2,Public Bank,Family,Kak Ani,,100.0,Expense,Normal
2025-02-10 08:33:43,2025,2,Public Bank,Phone,Maxis,,58.3,Expense,Normal
2025-02-10 12:48:47,2025,2,Cash,Food,Lunch,,6.5,Expense,Normal
2025-02-10 19:08:53,2025,2,Public Bank,Food,Dinner,,17.0,Expense,Normal
2025-02-11 11:55:32,2025,2,Public Bank,Game,Honkai Star Rail,,19.9,Expense,Normal
2025-02-11 18:48:47,2025,2,Public Bank,Food,Dinner,,15.3,Expense,Normal
2025-02-12 12:29:24,2025,2,Cash,Food,Lunch,,13.0,Expense,Normal
2025-02-12 12:29:32,2025,2,Cash,Food,Dinner,,8.0,Expense,Normal
2025-02-12 14:42:24,2025,2,Cash,Other,Other,Hadiah Farid,20.0,Expense,Normal
2025-02-13 12:36:13,2025,2,Cash,Food,Lunch,,8.5,Expense,Normal
2025-02-13 12:36:26,2025,2,Cash,Food,Dinner,,8.5,Expense,Normal
2025-02-13 12:36:32,2025,2,Public Bank,Food,Groceries,,20.0,Expense,Normal
2025-02-14 12:15:04,2025,2,Public Bank,Other,,Fees,1.0,Expense,Normal
2025-02-14 12:15:04,2025,2,Public Bank,Cash,,,100.0,Transfer-Out,Transfer
2025-02-14 12:21:07,2025,2,Public Bank,Food,Lunch,,12.0,Expense,Normal
2025-02-14 12:21:11,2025,2,Public Bank,Food,Dinner,,9.0,Expense,Normal
2025-02-14 17:52:54,2025,2,Public Bank,Health,Gym,,8.0,Expense,Normal
2025-02-14 17:52:54,2025,2,Cash,Food,Beverages,,6.5,Expense,Normal
2025-02-15 11:26:57,2025,2,Public Bank,Game,Arknight,,22.99,Expense,Normal
2025-02-15 18:32:04,2025,2,Public Bank,Food,Dinner,,13.0,Expense,Normal
2025-02-16 15:47:55,2025,2,Cash,Health,Toiletries,,22.15,Expense,Normal
2025-02-17 07:58:26,2025,2,Cash,Food,Breakfast,,2.0,Expense,Normal
2025-02-17 07:58:30,2025,2,Cash,Food,Beverages,,2.2,Expense,Normal
2025-02-17 18:34:54,2025,2,Cash,Food,Dinner,,11.0,Expense,Normal
2025-02-17 18:34:58,2025,2,Cash,Food,Lunch,,9.0,Expense,Normal
2025-02-18 08:08:36,2025,2,Cash,Food,Breakfast,,2.0,Expense,Normal
2025-02-18 08:08:41,2025,2,Cash,Food,Dinner,,2.0,Expense,Normal
2025-02-18 12:44:24,2025,2,Cash,Food,Lunch,,12.0,Expense,Normal
2025-02-18 12:44:24,2025,2,Cash,Health,Gym,,8.0,Expense,Normal
2025-02-19 12:28:21,2025,2,Cash,Food,Lunch,,8.0,Expense,Normal
2025-02-19 12:28:26,2025,2,Cash,Food,Dinner,,8.0,Expense,Normal
2025-02-20 13:11:57,2025,2,Public Bank,Food,Lunch,,7.5,Expense,Normal
2025-02-20 13:13:59,2025,2,Public Bank,Food,Dinner,,7.5,Expense,Normal
2025-02-20 13:14:05,2025,2,Cash,Food,Groceries,,10.0,Expense,Normal
2025-02-21 12:58:26,2025,2,Cash,Food,Lunch,,8.0,Expense,Normal
2025-02-21 12:58:32,2025,2,Cash,Food,Dinner,,3.0,Expense,Normal
2025-02-22 00:00:00,2025,2,Public Bank,PTPTN,,,100.0,Expense,Normal
2025-02-22 11:41:41,2025,2,Public Bank,Hutang,PTPTN,,100.0,Expense,Normal
2025-02-22 21:01:11,2025,2,Public Bank,Food,Eating out,,28.0,Expense,Normal
2025-02-22 21:03:25,2025,2,Public Bank,Food,Beverages,,8.5,Expense,Normal
2025-02-22 21:17:57,2025,2,Public Bank,Food,Eating out,,19.9,Expense,Normal
2025-02-23 00:00:00,2025,2,Cash,Touch N Go,,,50.0,Expense,Normal
2025-02-23 13:31:43,2025,2,Public Bank,Cash,,,100.0,Transfer-Out,Transfer
2025-02-23 13:31:43,2025,2,Public Bank,Other,,Fees,1.0,Expense,Normal
2025-02-23 13:31:49,2025,2,Cash,Health,Gunting Rambut,,12.0,Expense,Normal
2025-02-23 13:31:56,2025,2,Cash,Transport,Touch N Go Transport,,50.0,Expense,Normal
2025-02-23 13:50:01,2025,2,Public Bank,Food,Lunch,,10.1,Expense,Normal
2025-02-23 13:55:07,2025,2,Public Bank,Food,Groceries,,10.15,Expense,Normal
2025-02-23 18:02:16,2025,2,Public Bank,Food,Dinner,,14.0,Expense,Normal
2025-02-23 21:56:27,2025,2,Public Bank,Game,Honkai Star Rail,,39.9,Expense,Normal
2025-02-24 07:32:10,2025,2,Public Bank,Health,Medical Checkup,,1.0,Expense,Normal
2025-02-24 08:24:08,2025,2,Public Bank,Health,Medical Checkup,,2.0,Expense,Normal
2025-02-24 09:26:36,2025,2,Cash,Food,Breakfast,,2.0,Expense,Normal
2025-02-24 12:53:17,2025,2,Cash,Food,Lunch,,8.0,Expense,Normal
2025-02-24 12:53:21,2025,2,Cash,Food,Dinner,,8.0,Expense,Normal
2025-02-25 12:45:31,2025,2,Cash,Food,Lunch,,16.0,Expense,Normal
2025-02-25 17:53:24,2025,2,Public Bank,Health,Gym,,8.0,Expense,Normal
2025-02-25 19:27:19,2025,2,Public Bank,Food,Dinner,,15.3,Expense,Normal
2025-02-26 05:48:12,2025,2,Public Bank,Phone,Yoodo,,17.0,Expense,Normal
2025-02-26 12:24:21,2025,2,Cash,Food,Lunch,,15.0,Expense,Normal
2025-02-26 17:53:26,2025,2,Cash,Other,Other,Plastik Sampah,6.9,Expense,Normal
2025-02-27 12:25:26,2025,2,Cash,Food,Lunch,,8.0,Expense,Normal
2025-02-27 12:25:30,2025,2,Cash,Food,Lunch,,3.0,Expense,Normal
2025-02-27 12:25:35,2025,2,Cash,Food,Groceries,,20.0,Expense,Normal
2025-02-28 12:19:12,2025,2,Cash,Food,Lunch,,12.0,Expense,Normal
2025-02-28 14:23:11,2025,2,Public Bank,Allowance,,,50.0,Income,Normal
2025-02-28 17:58:25,2025,2,Public Bank,Food,Groceries,,32.05,Expense,Normal
2025-03-01 03:28:11,2025,3,Public Bank,Phone,Yoodo,,15.0,Expense,Normal
2025-03-01 17:12:53,2025,3,Public Bank,Health,Gym,,8.0,Expense,Normal
2025-03-01 19:08:38,2025,3,Public Bank,Food,Dinner,,14.9,Expense,Normal
2025-03-01 19:13:35,2025,3,Public Bank,Food,Groceries,,25.8,Expense,Normal
2025-03-02 09:28:19,2025,3,Public Bank,Rent,,,450.0,Expense,Normal
2025-03-02 17:17:08,2025,3,Public Bank,Apparel,,,67.0,Expense,Normal
2025-03-02 18:33:04,2025,3,Public Bank,Food,Iftar,,10.0,Expense,Normal
2025-03-02 18:42:45,2025,3,Public Bank,Food,Iftar,,8.0,Expense,Normal
2025-03-02 18:52:06,2025,3,Cash,Food,Sahur,,10.0,Expense,Normal
2025-03-03 17:09:02,2025,3,Cash,Food,Iftar,,10.0,Expense,Normal
2025-03-03 17:13:15,2025,3,Public Bank,Food,Iftar,,7.0,Expense,Normal
2025-03-04 16:00:30,2025,3,Cash,Other,Other,,10.0,Expense,Normal
2025-03-04 17:17:16,2025,3,Public Bank,Food,Iftar,,16.0,Expense,Normal
2025-03-05 17:25:01,2025,3,Public Bank,Food,Iftar,,11.0,Expense,Normal
2025-03-06 17:15:03,2025,3,Cash,Food,Sahur,,6.5,Expense,Normal
2025-03-06 17:16:08,2025,3,Public Bank,Food,Iftar,,11.0,Expense,Normal
2025-03-07 00:00:00,2025,3,Public Bank,PTPTN,,,100.0,Expense,Normal
2025-03-07 00:00:00,2025,3,Public Bank,Other,Hutang,Pami 600,30.0,Expense,Normal
2025-03-07 00:00:00,2025,3,Public Bank,Kak Ani,,,100.0,Expense,Normal
2025-03-07 05:48:39,2025,3,Public Bank,Salary,,,2259.79,Income,Normal
2025-03-07 08:08:03,2025,3,Public Bank,Phone,Maxis,,10.0,Expense,Normal
2025-03-07 09:55:27,2025,3,Public Bank,Hutang,PTPTN,,100.0,Expense,Normal
2025-03-07 09:57:17,2025,3,Public Bank,Simpanan,ASB,,100.0,Expense,Normal
2025-03-07 13:02:13,2025,3,Public Bank,Hutang,Pami,Pami 600,30.0,Expense,Normal
2025-03-07 13:04:18,2025,3,Public Bank,Family,Kak Ani,,100.0,Expense,Normal
2025-03-07 20:12:19,2025,3,Public Bank,Cash,,,100.0,Transfer-Out,Transfer
2025-03-07 20:12:19,2025,3,Public Bank,Other,,Fees,1.0,Expense,Normal
2025-03-07 20:12:25,2025,3,Cash,Food,Beverages,,3.1,Expense,Normal
2025-03-08 11:07:13,2025,3,Cash,Transport,Bus,,1.1,Expense,Normal
2025-03-08 12:33:21,2025,3,Public Bank,Health,Toiletries,,100.15,Expense,Normal
2025-03-08 12:45:32,2025,3,Public Bank,Food,Sahur,,63.0,Expense,Normal
2025-03-08 12:51:22,2025,3,Public Bank,Health,Toiletries,,12.9,Expense,Normal
2025-03-08 13:37:26,2025,3,Cash,Transport,Bus,,1.1,Expense,Normal
2025-03-08 17:39:15,2025,3,Public Bank,Food,Iftar,,10.0,Expense,Normal
2025-03-08 17:40:56,2025,3,Public Bank,Food,Iftar,,8.0,Expense,Normal
2025-03-08 17:46:21,2025,3,Public Bank,Food,Sahur,,10.9,Expense,Normal
2025-03-09 07:55:37,2025,3,Cash,Health,Dobi,,16.0,Expense,Normal
2025-03-09 17:45:11,2025,3,Public Bank,Food,Iftar,,8.0,Expense,Normal
2025-03-09 17:49:04,2025,3,Public Bank,Food,Iftar,,13.0,Expense,Normal
2025-03-09 17:54:00,2025,3,Public Bank,Food,Groceries,,9.15,Expense,Normal
2025-03-10 09:33:30,2025,3,Public Bank,Other,Other,Kak Fara Tiket Kapal,500.0,Expense,Normal
2025-03-10 11:32:32,2025,3,Public Bank,Phone,Maxis,,58.3,Expense,Normal
2025-03-10 17:17:05,2025,3,Public Bank,Food,Iftar,,7.0,Expense,Normal
2025-03-10 17:18:12,2025,3,Public Bank,Food,Iftar,,16.0,Expense,Normal
2025-03-10 22:18:10,2025,3,Public Bank,Game,Genshin Impact,,19.9,Expense,Normal
2025-03-11 20:11:52,2025,3,Public Bank,Other,Other,Infaq Ramadan,50.0,Expense,Normal
2025-03-14 17:11:10,2025,3,Cash,Food,Iftar,,12.0,Expense,Normal
2025-03-14 17:14:16,2025,3,Cash,Food,Sahur,,8.0,Expense,Normal
2025-03-14 17:14:29,2025,3,Cash,Food,Iftar,,8.0,Expense,Normal
2025-03-15 12:48:27,2025,3,Public Bank,Apparel,,Baju Raya,249.0,Expense,Normal
2025-03-15 14:08:23,2025,3,Public Bank,Food,Groceries,,14.1,Expense,Normal
2025-03-15 14:35:16,2025,3,Cash,Other,Other,Zakat,7.0,Expense,Normal
2025-03-15 17:41:10,2025,3,Public Bank,Food,Iftar,,12.0,Expense,Normal
2025-03-15 17:43:10,2025,3,Public Bank,Food,Iftar,,8.0,Expense,Normal
2025-03-16 17:39:25,2025,3,Public Bank,Food,Iftar,,10.0,Expense,Normal
2025-03-16 17:42:02,2025,3,Public Bank,Food,Sahur,,3.0,Expense,Normal
2025-03-16 17:43:02,2025,3,Public Bank,Food,Iftar,,8.0,Expense,Normal
2025-03-17 17:09:48,2025,3,Public Bank,Food,Iftar,,10.0,Expense,Normal
2025-03-17 17:12:38,2025,3,Public Bank,Food,Sahur,,6.0,Expense,Normal
2025-03-17 17:13:27,2025,3,Public Bank,Food,Iftar,,8.0,Expense,Normal
2025-03-18 18:36:41,2025,3,Public Bank,Food,Iftar,,22.0,Expense,Normal
2025-03-18 18:51:27,2025,3,Public Bank,Food,Iftar,,10.0,Expense,Normal
2025-03-18 19:05:06,2025,3,Public Bank,Food,Iftar,,4.0,Expense,Normal
2025-03-19 12:18:02,2025,3,Public Bank,Allowance,,,200.0,Income,Normal
2025-03-19 17:13:17,2025,3,Public Bank,Food,Groceries,,6.9,Expense,Normal
2025-03-20 17:12:20,2025,3,Public Bank,Food,Sahur,,9.0,Expense,Normal
2025-03-22 11:03:49,2025,3,Public Bank,Game,Honkai Star Rail,,19.9,Expense,Normal
2025-03-22 14:47:15,2025,3,Public Bank,Game,Blue Archive,,34.99,Expense,Normal
2025-03-22 17:31:22,2025,3,Public Bank,Food,Iftar,,13.0,Expense,Normal
2025-03-22 17:37:00,2025,3,Public Bank,Food,Sahur,,7.0,Expense,Normal
2025-03-22 17:37:55,2025,3,Public Bank,Food,Iftar,,8.0,Expense,Normal
2025-03-22 20:19:00,2025,3,Public Bank,Other,Other,Infaq Ramadan,10.0,Expense,Normal
2025-03-23 17:28:00,2025,3,Public Bank,Food,Iftar,,12.0,Expense,Normal
2025-03-23 17:31:34,2025,3,Public Bank,Food,Iftar,,8.0,Expense,Normal
2025-03-23 17:33:34,2025,3,Public Bank,Food,Iftar,,3.0,Expense,Normal
2025-03-23 17:37:03,2025,3,Public Bank,Food,Iftar,,8.0,Expense,Normal
2025-03-24 02:45:37,2025,3,Public Bank,Other,Other,Infaq Ramadan,10.0,Expense,Normal
2025-03-24 15:44:01,2025,3,Public Bank,Allowance,,,150.0,Income,Normal
2025-03-24 17:08:33,2025,3,Public Bank,Food,Iftar,,10.0,Expense,Normal
2025-03-24 17:10:41,2025,3,Public Bank,Food,Iftar,,8.0,Expense,Normal
2025-03-24 22:57:56,2025,3,Public Bank,Other,Other,Infaq Ramadan,10.0,Expense,Normal
2025-03-24 22:57:56,2025,3,Public Bank,Other,Other,,10.0,Expense,Normal
2025-03-25 19:33:18,2025,3,Public Bank,Other,Other,Infaq Ramadan,15.0,Expense,Normal
2025-03-26 17:11:06,2025,3,Cash,Other,Other,Plastik Sampah,6.9,Expense,Normal
2025-03-26 19:43:00,2025,3,Public Bank,Other,Other,Infaq Ramadan,10.0,Expense,Normal
2025-03-27 09:08:47,2025,3,Public Bank,Allowance,,BKK,500.0,Income,Normal
2025-03-27 19:40:22,2025,3,Public Bank,Other,Other,Infaq Ramadan,20.0,Expense,Normal
2025-03-28 04:57:58,2025,3,Public Bank,Phone,Yoodo,,17.0,Expense,Normal
2025-03-28 07:38:25,2025,3,Public Bank,Health,Toiletries,,8.9,Expense,Normal
2025-03-28 13:50:36,2025,3,Public Bank,Other,Other,Pami,20.0,Expense,Normal
2025-03-28 16:08:41,2025,3,Cash,Food,Iftar,,10.0,Expense,Normal
2025-03-29 20:25:14,2025,3,Public Bank,Food,Groceries,,32.45,Expense,Normal
2025-03-30 08:09:56,2025,3,Cash,Transport,Minyak,,5.0,Expense,Normal
2025-03-30 08:38:06,2025,3,Public Bank,Cash,,,100.0,Transfer-Out,Transfer
2025-03-30 18:59:50,2025,3,Cash,Health,Toiletries,,16.0,Expense,Normal
2025-03-31 20:57:12,2025,3,Public Bank,Other,Other,Kak Fara Tiket Kapal,550.0,Expense,Normal
2025-03-31 20:57:28,2025,3,Cash,Other,Other,,5.0,Expense,Normal
2025-04-02 11:15:26,2025,4,Public Bank,Allowance,,Duit Raya,85.0,Income,Normal
2025-04-02 21:29:14,2025,4,Cash,Allowance,,,300.0,Income,Normal
2025-04-03 11:30:11,2025,4,Cash,Food,Eating out,,5.7,Expense,Normal
2025-04-03 21:14:29,2025,4,Public Bank,Transport,Minyak,,0.0,Expense,Normal
2025-04-03 22:09:20,2025,4,Public Bank,Game,Arknight,,22.99,Expense,Normal
2025-04-04 06:54:04,2025,4,Public Bank,Salary,,,1858.75,Income,Normal
2025-04-04 11:39:15,2025,4,Cash,Health,Gunting Rambut,,20.0,Expense,Normal
2025-04-04 20:05:38,2025,4,Cash,Food,Beverages,,5.0,Expense,Normal
2025-04-04 20:05:38,2025,4,Public Bank,Food,Groceries,,53.25,Expense,Normal
2025-04-05 10:40:16,2025,4,Public Bank,Other,Other,Renew,62.0,Expense,Normal
2025-04-05 10:44:34,2025,4,Cash,Transport,Parking Ticket,,2.0,Expense,Normal
2025-04-05 11:23:16,2025,4,Cash,Apparel,,,139.0,Expense,Normal
2025-04-05 11:36:56,2025,4,Cash,Apparel,,,39.9,Expense,Normal
2025-04-05 11:50:29,2025,4,Bank Islam,Transport,Parking Ticket,,4.0,Expense,Normal
2025-04-06 00:00:00,2025,4,Cash,Touch N Go,,,50.0,Expense,Normal
2025-04-06 07:39:18,2025,4,Cash,Allowance,,,100.0,Income,Normal
2025-04-06 13:49:54,2025,4,Bank Islam,Food,Eating out,,23.5,Expense,Normal
2025-04-06 14:27:58,2025,4,Public Bank,Transport,Train,,9.4,Expense,Normal
2025-04-06 17:45:15,2025,4,Cash,Health,Dobi,,12.0,Expense,Normal
2025-04-06 17:54:52,2025,4,Cash,Food,Beverages,,8.4,Expense,Normal
2025-04-06 17:54:56,2025,4,Cash,Transport,Touch N Go Transport,,50.0,Expense,Normal
2025-04-06 21:34:05,2025,4,Bank Islam,Public Bank,,Sewa Rumah,250.0,Transfer-Out,Transfer
2025-04-06 21:42:03,2025,4,Public Bank,Rent,,,476.63,Expense,Normal
2025-04-07 00:00:00,2025,4,Public Bank,Kak Ani,,,100.0,Expense,Normal
2025-04-07 00:00:00,2025,4,Public Bank,Other,Hutang,Pami 570,30.0,Expense,Normal
2025-04-07 00:00:00,2025,4,Public Bank,PTPTN,,,150.0,Expense,Normal
2025-04-07 08:34:14,2025,4,Public Bank,Family,Kak Ani,,100.0,Expense,Normal
2025-04-07 08:34:21,2025,4,Public Bank,Hutang,Pami,Pami 570,30.0,Expense,Normal
2025-04-07 08:37:46,2025,4,Public Bank,Phone,Maxis,,61.5,Expense,Normal
2025-04-07 08:38:26,2025,4,Public Bank,Phone,Maxis,Mak,10.0,Expense,Normal
2025-04-07 08:39:55,2025,4,Bank Islam,Public Bank,,Sewa,130.0,Transfer-Out,Transfer
2025-04-07 08:40:55,2025,4,Public Bank,Bank Islam,,Sewa,450.0,Transfer-Out,Transfer
2025-04-07 08:43:41,2025,4,Public Bank,Hutang,PTPTN,,150.0,Expense,Normal
2025-04-07 09:41:12,2025,4,Public Bank,Simpanan,ASB,,250.0,Expense,Normal
2025-04-07 12:26:24,2025,4,Cash,Food,Lunch,,7.5,Expense,Normal
2025-04-07 17:57:39,2025,4,Cash,Food,Dinner,,7.0,Expense,Normal
2025-04-07 18:01:32,2025,4,Cash,Food,Groceries,,6.6,Expense,Normal
2025-04-08 17:49:37,2025,4,Public Bank,Food,Dinner,,10.8,Expense,Normal
2025-04-09 10:05:00,2025,4,Public Bank,Other,,Fees,1.0,Expense,Normal
2025-04-09 10:05:00,2025,4,Public Bank,Cash,,Makanan April,450.0,Transfer-Out,Transfer
2025-04-09 15:18:02,2025,4,Cash,Food,Lunch,,8.5,Expense,Normal
2025-04-09 17:35:58,2025,4,Cash,Food,Groceries,,14.9,Expense,Normal
2025-04-10 17:42:12,2025,4,Cash,Food,Lunch,,7.0,Expense,Normal
2025-04-10 17:42:30,2025,4,Cash,Transport,Bus,,1.1,Expense,Normal
2025-04-10 19:15:35,2025,4,Public Bank,Other,Computer,Charger,189.0,Expense,Normal
2025-04-10 19:50:59,2025,4,Public Bank,Food,Eating out,,30.0,Expense,Normal
2025-04-10 23:28:08,2025,4,Public Bank,Transport,Grabcar,,13.0,Expense,Normal
2025-04-11 10:43:24,2025,4,Public Bank,Other,Shopee,Rice Cooker,83.9,Expense,Normal
2025-04-11 15:53:17,2025,4,Public Bank,Other,Shopee,Resume Review,80.0,Expense,Normal
2025-04-11 15:59:33,2025,4,Bank Islam,Public Bank,,,250.0,Transfer-Out,Transfer
2025-04-11 17:33:11,2025,4,Public Bank,Food,Dinner,,14.0,Expense,Normal
2025-04-11 17:53:51,2025,4,Bank Islam,Allowance,,,69.0,Income,Normal
2025-04-12 06:31:05,2025,4,Cash,Health,Dobi,,16.0,Expense,Normal
2025-04-12 14:20:55,2025,4,Cash,Food,Eating out,,27.0,Expense,Normal
2025-04-12 14:49:23,2025,4,Cash,Apparel,,Kasut Kerja,182.0,Expense,Normal
2025-04-12 16:09:26,2025,4,Bank Islam,Apparel,,,119.8,Expense,Normal
2025-04-12 17:41:06,2025,4,Public Bank,Health,Toiletries,,28.7,Expense,Normal
2025-04-12 21:56:20,2025,4,Public Bank,Allowance,,,100.0,Income,Normal
2025-04-13 07:30:34,2025,4,Cash,Food,Lunch,,6.0,Expense,Normal
2025-04-13 07:30:39,2025,4,Cash,Food,Dinner,,6.0,Expense,Normal
2025-04-14 08:02:20,2025,4,Public Bank,Other,Shopee,Career Coaching,70.0,Expense,Normal
2025-04-14 08:03:59,2025,4,Public Bank,Other,Shopee,Interview Coaching,90.0,Expense,Normal
2025-04-14 17:32:01,2025,4,Public Bank,Food,Groceries,,56.3,Expense,Normal
2025-04-16 08:44:29,2025,4,Public Bank,Other,Shopee,Creatine,42.0,Expense,Normal
2025-04-16 09:26:30,2025,4,Public Bank,Other,Shopee,Scoop,5.5,Expense,Normal
2025-04-16 17:38:41,2025,4,Public Bank,Food,Groceries,,8.6,Expense,Normal
2025-04-17 00:00:00,2025,4,Public Bank,Other,Hutang,Zamri,50.0,Expense,Normal
2025-04-17 21:05:06,2025,4,Public Bank,Hutang,Other,Zamri,50.0,Expense,Normal
2025-04-19 00:52:41,2025,4,Cash,Food,Eating out,,8.8,Expense,Normal
2025-04-19 16:53:09,2025,4,Public Bank,Health,Gym,,8.0,Expense,Normal
2025-04-19 18:57:07,2025,4,Cash,Food,Dinner,,15.3,Expense,Normal
2025-04-20 11:24:43,2025,4,Cash,Transport,Bus,,2.0,Expense,Normal
2025-04-20 12:51:20,2025,4,Cash,Other,Other,,5.0,Expense,Normal
2025-04-20 13:58:36,2025,4,Public Bank,Health,Toiletries,,22.0,Expense,Normal
2025-04-20 15:10:15,2025,4,Cash,Food,Eating out,,18.55,Expense,Normal
2025-04-20 15:20:18,2025,4,Bank Islam,Public Bank,,,100.0,Transfer-Out,Transfer
2025-04-20 19:50:43,2025,4,Public Bank,Food,Groceries,,50.0,Expense,Normal
2025-04-22 12:52:57,2025,4,Cash,Food,Lunch,,12.0,Expense,Normal
2025-04-23 12:39:03,2025,4,Cash,Food,Lunch,,7.0,Expense,Normal
2025-04-24 17:29:26,2025,4,Public Bank,Health,Gym,,8.0,Expense,Normal
2025-04-24 19:23:06,2025,4,Cash,Food,Dinner,,14.9,Expense,Normal
2025-04-27 06:31:17,2025,4,Public Bank,Phone,Yoodo,,17.0,Expense,Normal
2025-04-27 07:29:41,2025,4,Public Bank,Food,Dinner,,11.5,Expense,Normal
2025-04-28 08:37:08,2025,4,Bank Islam,Health,Medical Checkup,,87.0,Expense,Normal
2025-04-28 09:10:48,2025,4,Cash,Food,Breakfast,,7.9,Expense,Normal
2025-04-28 18:05:22,2025,4,Cash,Food,Dinner,,12.0,Expense,Normal
2025-04-29 16:56:48,2025,4,Public Bank,Health,Gym,,8.0,Expense,Normal
2025-04-29 18:49:11,2025,4,Cash,Food,Beverages,,5.0,Expense,Normal
2025-04-29 19:09:23,2025,4,Cash,Food,Dinner,,15.3,Expense,Normal
2025-04-29 19:15:20,2025,4,Public Bank,Food,Groceries,,34.4,Expense,Normal
2025-04-30 09:03:06,2025,4,Bank Islam,Rent,,,450.0,Expense,Normal
2025-05-01 12:32:13,2025,5,Cash,Food,Dinner,,17.0,Expense,Normal
2025-05-01 12:32:13,2025,5,Public Bank,Game,Honkai Star Rail,,19.9,Expense,Normal
2025-05-03 05:31:40,2025,5,Cash,Health,Dobi,,17.0,Expense,Normal
2025-05-03 08:54:01,2025,5,Public Bank,Other,Other,AWS,3.18,Expense,Normal
2025-05-03 15:11:27,2025,5,Public Bank,Food,Eating out,,11.0,Expense,Normal
2025-05-03 17:02:29,2025,5,Cash,Other,Other,Plastik Sampah,6.9,Expense,Normal
2025-05-04 10:34:18,2025,5,Cash,Transport,Bus,,2.0,Expense,Normal
2025-05-04 11:48:48,2025,5,Public Bank,Other,Movies,,44.0,Expense,Normal
2025-05-04 15:38:32,2025,5,Public Bank,Other,Other,Hanger Baju,14.0,Expense,Normal
2025-05-04 16:06:00,2025,5,Public Bank,Food,Groceries,,19.5,Expense,Normal
2025-05-04 16:36:29,2025,5,Cash,Transport,Bus,,2.0,Expense,Normal
2025-05-04 17:31:05,2025,5,Cash,Food,Groceries,,8.8,Expense,Normal
2025-05-05 17:31:51,2025,5,Public Bank,Health,Gym,,8.0,Expense,Normal
2025-05-05 17:31:56,2025,5,Cash,Food,Lunch,,10.0,Expense,Normal
2025-05-05 19:14:05,2025,5,Cash,Food,Dinner,,16.9,Expense,Normal
2025-05-06 12:30:55,2025,5,Cash,Food,Lunch,,12.0,Expense,Normal
2025-05-07 00:00:00,2025,5,Public Bank,PTPTN,,,100.0,Expense,Normal
2025-05-07 00:00:00,2025,5,Public Bank,Other,Shopee,"Creatine - 36.2, HyperX Cloud 3 - 304.66, Protein Powder - 149.24",490.1,Expense,Normal
2025-05-07 00:00:00,2025,5,Public Bank,Kak Ani,,,100.0,Expense,Normal
2025-05-07 00:00:00,2025,5,Public Bank,Other,Hutang,Pami 540,30.0,Expense,Normal
2025-05-07 07:10:21,2025,5,Public Bank,Salary,,,1858.75,Income,Normal
2025-05-07 08:01:08,2025,5,Public Bank,Hutang,Pami,Pami 540,30.0,Expense,Normal
2025-05-07 08:03:40,2025,5,Public Bank,Family,Kak Ani,,100.0,Expense,Normal
2025-05-07 08:04:59,2025,5,Public Bank,Bank Islam,,,450.0,Transfer-Out,Transfer
2025-05-07 08:07:35,2025,5,Public Bank,Hutang,PTPTN,,100.0,Expense,Normal
2025-05-07 08:33:27,2025,5,Public Bank,Other,Shopee,"Creatine - 36.2, HyperX Cloud 3 - 304.66,  Protein Powder - 149.24",490.1,Expense,Normal
2025-05-07 09:15:23,2025,5,Public Bank,Other,Shopee,LFC Jersi,39.82,Expense,Normal
2025-05-07 09:15:47,2025,5,ASB,Public Bank,,,200.0,Transfer-Out,Transfer
2025-05-07 09:16:01,2025,5,SSPN,Public Bank,,,100.0,Transfer-Out,Transfer
2025-05-07 09:32:14,2025,5,Public Bank,Phone,Maxis,,58.3,Expense,Normal
2025-05-07 12:28:30,2025,5,Public Bank,Cash,,Makanan Mei,200.0,Transfer-Out,Transfer
2025-05-07 12:28:30,2025,5,Public Bank,Other,,Fees,1.0,Expense,Normal
2025-05-07 12:29:10,2025,5,Cash,Food,Lunch,,8.5,Expense,Normal
2025-05-07 17:31:33,2025,5,Public Bank,Food,Groceries,,9.0,Expense,Normal
2025-05-08 14:20:39,2025,5,Cash,Food,Lunch,,8.0,Expense,Normal
2025-05-08 14:20:54,2025,5,Cash,Food,Dinner,,8.0,Expense,Normal
2025-05-09 12:44:08,2025,5,Cash,Food,Lunch,,7.0,Expense,Normal
2025-05-09 17:59:17,2025,5,Public Bank,Health,Gym,,150.0,Expense,Normal
2025-05-09 19:25:05,2025,5,Cash,Food,Dinner,,13.9,Expense,Normal
2025-05-10 00:00:00,2025,5,Cash,Touch N Go,,,50.0,Expense,Normal
2025-05-10 11:06:59,2025,5,Cash,Transport,Train,,10.0,Expense,Normal
2025-05-10 12:36:53,2025,5,Cash,Food,Eating out,,28.55,Expense,Normal
2025-05-10 13:21:11,2025,5,Public Bank,Food,Groceries,,32.97,Expense,Normal
2025-05-10 15:37:23,2025,5,Public Bank,Other,,Fees,1.0,Expense,Normal
2025-05-10 15:37:23,2025,5,Public Bank,Cash,,,100.0,Transfer-Out,Transfer
2025-05-10 15:38:34,2025,5,Cash,Transport,Touch N Go Transport,,50.0,Expense,Normal
2025-05-10 15:45:35,2025,5,Cash,Food,Beverages,,7.9,Expense,Normal
2025-05-10 15:45:39,2025,5,Cash,Health,Gunting Rambut,,12.0,Expense,Normal
2025-05-10 16:09:50,2025,5,Public Bank,Health,Toiletries,Bajet Toiletries (150) - Baki 106.35,43.65,Expense,Normal
2025-05-10 16:13:22,2025,5,Cash,Other,Other,Measuring Tape,5.5,Expense,Normal
2025-05-11 11:51:21,2025,5,Public Bank,Other,Other,Motor Show,25.0,Expense,Normal
2025-05-11 13:41:02,2025,5,Cash,Food,Eating out,,15.0,Expense,Normal
2025-05-11 13:56:54,2025,5,Cash,Food,Beverages,,10.0,Expense,Normal
2025-05-12 10:39:03,2025,5,Bank Islam,Other,Other,Repair Katil,130.0,Expense,Normal
2025-05-12 10:39:03,2025,5,Cash,Food,Dinner,,8.0,Expense,Normal
2025-05-13 19:11:07,2025,5,Cash,Food,Dinner,,15.3,Expense,Normal
2025-05-14 17:27:57,2025,5,Public Bank,Food,Groceries,,31.5,Expense,Normal
2025-05-14 17:30:21,2025,5,Cash,Food,Lunch,,10.0,Expense,Normal
2025-05-15 10:49:58,2025,5,Public Bank,Simpanan,Crypto,Rm 1 fee,21.0,Expense,Normal
2025-05-15 12:29:42,2025,5,Cash,Food,Lunch,,8.0,Expense,Normal
2025-05-15 12:29:46,2025,5,Cash,Food,Dinner,,5.0,Expense,Normal
2025-05-16 17:48:12,2025,5,Cash,Food,Lunch,,4.0,Expense,Normal
2025-05-16 17:48:31,2025,5,Cash,Food,Dinner,,17.0,Expense,Normal
2025-05-17 19:16:15,2025,5,Public Bank,Food,Dinner,,15.3,Expense,Normal
2025-05-18 18:18:08,2025,5,Public Bank,Food,Dinner,,14.0,Expense,Normal
2025-05-18 18:27:10,2025,5,Public Bank,Food,Groceries,,24.5,Expense,Normal
2025-05-19 10:02:24,2025,5,Cash,Food,Breakfast,,3.0,Expense,Normal
2025-05-19 13:03:08,2025,5,Cash,Food,Lunch,,8.5,Expense,Normal
2025-05-19 17:54:10,2025,5,Public Bank,Food,Groceries,,28.0,Expense,Normal
2025-05-20 12:33:04,2025,5,Cash,Food,Lunch,,12.0,Expense,Normal
2025-05-20 17:56:09,2025,5,Public Bank,Food,Groceries,,5.0,Expense,Normal
2025-05-21 17:49:16,2025,5,Cash,Food,Lunch,,10.0,Expense,Normal
2025-05-21 19:32:04,2025,5,Public Bank,Food,Dinner,,14.2,Expense,Normal
2025-05-22 19:32:04,2025,5,Cash,Food,Lunch,,13.0,Expense,Normal
2025-05-23 12:51:32,2025,5,Cash,Food,Lunch,,10.0,Expense,Normal
2025-05-23 20:58:31,2025,5,ASB,Food,Dinner,,30.0,Expense,Normal
2025-05-23 21:00:41,2025,5,Public Bank,Food,Beverages,,8.0,Expense,Normal
2025-05-23 21:04:03,2025,5,Public Bank,Food,Dinner,,9.9,Expense,Normal
2025-05-24 19:19:41,2025,5,Public Bank,Food,Dinner,4.4 Extra Joss Mangkuk,13.8,Expense,Normal
2025-05-25 14:25:55,2025,5,Public Bank,Health,Toiletries,Bajet Toiletries (150) - Baki 60.1,46.25,Expense,Normal
2025-05-25 14:26:17,2025,5,Cash,Transport,Parking Ticket,,2.0,Expense,Normal
2025-05-25 14:26:26,2025,5,Cash,Transport,Minyak,,5.0,Expense,Normal
2025-05-25 14:26:55,2025,5,Public Bank,Food,Groceries,,21.5,Expense,Normal
2025-05-25 18:01:39,2025,5,Public Bank,Food,Groceries,,12.55,Expense,Normal
2025-05-25 18:10:50,2025,5,Public Bank,Food,Dinner,,17.0,Expense,Normal
2025-05-26 13:05:22,2025,5,Cash,Food,Lunch,,10.0,Expense,Normal
2025-05-27 05:20:37,2025,5,Public Bank,Phone,Yoodo,,17.0,Expense,Normal
2025-05-27 17:23:14,2025,5,Cash,Food,Lunch,,13.0,Expense,Normal
2025-05-29 06:52:21,2025,5,Cash,Food,Groceries,,15.0,Expense,Normal
2025-05-29 11:00:20,2025,5,Bank Islam,Other,Movies,,37.0,Expense,Normal
2025-05-29 11:00:20,2025,5,Cash,Food,Lunch,,13.0,Expense,Normal
2025-05-30 17:57:10,2025,5,Cash,Food,Dinner,,17.0,Expense,Normal
2025-05-31 10:25:45,2025,5,Bank Islam,Transport,Train,,10.0,Expense,Normal
2025-05-31 19:22:55,2025,5,Cash,Food,Dinner,,13.8,Expense,Normal
2025-06-01 09:10:37,2025,6,Bank Islam,Rent,,22.38 utility,472.38,Expense,Normal
2025-06-01 10:49:46,2025,6,Cash,Transport,Train,,5.0,Expense,Normal
2025-06-01 15:52:59,2025,6,Bank Islam,Food,Groceries,,22.0,Expense,Normal
2025-06-01 15:53:04,2025,6,Cash,Food,Lunch,,12.0,Expense,Normal
2025-06-02 10:26:54,2025,6,Public Bank,Other,Other,AWS,42.46,Expense,Normal
2025-06-03 10:26:40,2025,6,Cash,Food,Breakfast,,1.8,Expense,Normal
2025-06-03 12:27:08,2025,6,Cash,Food,Lunch,,5.0,Expense,Normal
2025-06-03 19:16:12,2025,6,Cash,Food,Dinner,,14.8,Expense,Normal
2025-06-05 12:27:36,2025,6,Cash,Food,Lunch,,13.0,Expense,Normal
2025-06-06 00:00:00,2025,6,Public Bank,PTPTN,,,100.0,Expense,Normal
2025-06-06 00:00:00,2025,6,Public Bank,Kak Ani,,,100.0,Expense,Normal
2025-06-06 00:00:00,2025,6,Public Bank,Other,Hutang,Pami 510,30.0,Expense,Normal
2025-06-06 00:00:00,2025,6,Public Bank,Mak,,,50.0,Expense,Normal
2025-06-06 05:00:53,2025,6,Public Bank,Salary,,,1858.75,Income,Normal
2025-06-06 07:48:32,2025,6,Public Bank,Other,,Fees,1.0,Expense,Normal
2025-06-06 07:48:32,2025,6,Public Bank,Cash,,Makanan Jun,450.0,Transfer-Out,Transfer
2025-06-06 07:48:49,2025,6,Public Bank,Cash,,,100.0,Transfer-Out,Transfer
2025-06-06 07:51:39,2025,6,Public Bank,Hutang,Pami,Pami 510,30.0,Expense,Normal
2025-06-06 07:52:41,2025,6,Public Bank,Family,Kak Ani,,100.0,Expense,Normal
2025-06-06 07:52:48,2025,6,Public Bank,Bank Islam,,Sewa Rumah,450.0,Transfer-Out,Transfer
2025-06-06 07:54:20,2025,6,Public Bank,Family,Mak,,50.0,Expense,Normal
2025-06-06 08:03:37,2025,6,Public Bank,Simpanan,ASB,,50.0,Expense,Normal
2025-06-06 08:03:43,2025,6,Public Bank,Hutang,PTPTN,,100.0,Expense,Normal
2025-06-06 08:06:19,2025,6,Public Bank,Phone,Maxis,,58.3,Expense,Normal
2025-06-07 12:12:12,2025,6,Public Bank,Transport,Train,,10.0,Expense,Normal
2025-06-07 17:34:31,2025,6,Public Bank,Health,Toiletries,Bajet Toiletries (110) - Baki 58.95,51.05,Expense,Normal
2025-06-07 17:34:45,2025,6,Public Bank,Other,Movies,,41.0,Expense,Normal
2025-06-07 18:04:01,2025,6,Public Bank,Apparel,,,99.8,Expense,Normal
2025-06-07 18:16:21,2025,6,Cash,Food,Dinner,,28.0,Expense,Normal
2025-06-07 20:33:34,2025,6,Cash,Food,Beverages,,7.9,Expense,Normal
2025-06-08 06:25:09,2025,6,Cash,Health,Dobi,,17.0,Expense,Normal
2025-06-09 09:11:57,2025,6,Public Bank,Health,Medical Checkup,,64.0,Expense,Normal
2025-06-09 09:15:28,2025,6,Cash,Food,Breakfast,,6.1,Expense,Normal
2025-06-09 13:19:15,2025,6,Public Bank,Allowance,,,100.0,Income,Normal
2025-06-09 19:22:58,2025,6,Cash,Food,Dinner,,11.3,Expense,Normal
2025-06-09 19:23:04,2025,6,Cash,Food,Groceries,,4.6,Expense,Normal
2025-06-10 09:17:20,2025,6,Cash,Food,Lunch,,3.0,Expense,Normal
2025-06-10 17:53:43,2025,6,Public Bank,Food,Dinner,,12.0,Expense,Normal
2025-06-11 16:45:10,2025,6,Cash,Food,Breakfast,,3.0,Expense,Normal
2025-06-12 17:58:33,2025,6,Public Bank,Food,Groceries,,18.5,Expense,Normal
2025-06-12 17:58:41,2025,6,Cash,Food,Lunch,,13.0,Expense,Normal
2025-06-13 17:42:20,2025,6,Cash,Food,Lunch,,12.0,Expense,Normal
2025-06-14 00:00:00,2025,6,Cash,Touch N Go,,,50.0,Expense,Normal
2025-06-14 17:15:20,2025,6,Public Bank,Health,Gym,,80.0,Expense,Normal
2025-06-14 19:23:37,2025,6,Cash,Food,Dinner,,13.8,Expense,Normal
2025-06-14 19:23:52,2025,6,Cash,Transport,Touch N Go Transport,,50.0,Expense,Normal
2025-06-14 21:38:22,2025,6,Public Bank,Food,Dinner,Dinner Pami,30.0,Expense,Normal
2025-06-15 18:06:50,2025,6,Public Bank,Food,Dinner,,30.0,Expense,Normal
2025-06-15 18:06:50,2025,6,Public Bank,Food,Groceries,,23.1,Expense,Normal
2025-06-16 12:34:58,2025,6,Cash,Food,Lunch,,10.0,Expense,Normal
2025-06-16 17:47:46,2025,6,Public Bank,Food,Groceries,,34.5,Expense,Normal
2025-06-17 12:46:32,2025,6,Cash,Food,Lunch,,10.0,Expense,Normal
2025-06-17 19:18:59,2025,6,Cash,Food,Dinner,,12.3,Expense,Normal
2025-06-18 12:35:15,2025,6,Cash,Food,Lunch,,6.0,Expense,Normal
2025-06-18 17:56:42,2025,6,Cash,Food,Groceries,,9.0,Expense,Normal
2025-06-19 16:52:38,2025,6,Cash,Food,Lunch,,8.0,Expense,Normal
2025-06-19 19:13:31,2025,6,Cash,Food,Dinner,,15.3,Expense,Normal
2025-06-20 14:23:55,2025,6,Cash,Food,Lunch,,8.0,Expense,Normal
2025-06-21 19:21:16,2025,6,Cash,Food,Dinner,1,17.3,Expense,Normal
2025-06-22 18:27:07,2025,6,Public Bank,Food,Groceries,,11.2,Expense,Normal
2025-06-22 18:36:55,2025,6,Cash,Food,Dinner,,17.0,Expense,Normal
2025-06-23 12:55:33,2025,6,Cash,Food,Lunch,,10.0,Expense,Normal
2025-06-24 17:58:05,2025,6,Public Bank,Health,Medicine,,8.45,Expense,Normal
2025-06-24 17:59:05,2025,6,Cash,Food,Lunch,,2.0,Expense,Normal
2025-06-25 18:34:48,2025,6,Cash,Food,Lunch,,6.0,Expense,Normal
2025-06-25 18:34:53,2025,6,Cash,Food,Dinner,,10.0,Expense,Normal
2025-06-25 18:36:17,2025,6,Cash,Food,Groceries,,4.2,Expense,Normal
2025-06-26 05:50:32,2025,6,Public Bank,Phone,Yoodo,,17.0,Expense,Normal
2025-06-26 19:22:36,2025,6,Cash,Food,Dinner,1,13.8,Expense,Normal
2025-06-26 19:22:42,2025,6,Cash,Food,Lunch,,8.0,Expense,Normal
2025-06-27 10:48:49,2025,6,Cash,Food,Breakfast,,7.5,Expense,Normal
2025-06-27 18:50:39,2025,6,Cash,Food,Dinner,,11.9,Expense,Normal
2025-06-28 12:22:40,2025,6,Public Bank,Allowance,,,86.0,Income,Normal
2025-06-28 14:47:27,2025,6,Cash,Food,Lunch,,25.9,Expense,Normal
2025-06-28 15:14:11,2025,6,Public Bank,Allowance,,,50.0,Income,Normal
2025-06-28 17:08:37,2025,6,Public Bank,Food,Groceries,,45.15,Expense,Normal
2025-06-29 06:54:38,2025,6,Cash,Health,Gunting Rambut,,12.0,Expense,Normal
2025-06-29 06:54:38,2025,6,Cash,Food,Breakfast,,6.8,Expense,Normal
2025-06-30 06:54:53,2025,6,Public Bank,Transport,Train,,10.0,Expense,Normal
2025-06-30 12:50:20,2025,6,Cash,Food,Lunch,,21.0,Expense,Normal
2025-06-30 18:57:34,2025,6,Cash,Health,Medicine,,1.9,Expense,Normal
2025-06-30 19:01:07,2025,6,Cash,Food,Beverages,,2.0,Expense,Normal
2025-07-01 18:13:16,2025,7,Cash,Food,Lunch,,13.0,Expense,Normal
2025-07-01 18:13:24,2025,7,Cash,Food,Dinner,,10.4,Expense,Normal
2025-07-01 20:17:19,2025,7,Bank Islam,Rent,,,450.0,Expense,Normal
2025-07-02 10:22:40,2025,7,Public Bank,Game,Honkai Star Rail,,19.9,Expense,Normal
2025-07-02 17:54:51,2025,7,Cash,Food,Lunch,,7.5,Expense,Normal
2025-07-02 17:55:17,2025,7,Cash,Food,Dinner,,5.0,Expense,Normal
2025-07-03 14:08:34,2025,7,Cash,Food,Lunch,,8.0,Expense,Normal
2025-07-03 14:08:41,2025,7,Cash,Transport,Train,,10.0,Expense,Normal
2025-07-03 19:57:18,2025,7,Cash,Food,Dinner,,10.0,Expense,Normal
2025-07-04 12:28:52,2025,7,Cash,Food,Lunch,3,13.0,Expense,Normal
2025-07-05 12:58:04,2025,7,Cash,Food,Lunch,,9.9,Expense,Normal
2025-07-05 19:31:37,2025,7,Cash,Food,Dinner,,15.3,Expense,Normal
2025-07-07 05:53:55,2025,7,Public Bank,Salary,,,1858.75,Income,Normal
2025-07-07 09:26:31,2025,7,Public Bank,Hutang,Pami,Pami 480,30.0,Expense,Normal
2025-07-07 09:26:51,2025,7,Public Bank,Bank Islam,,,450.0,Transfer-Out,Transfer
2025-07-07 09:26:57,2025,7,Public Bank,Family,Kak Ani,,100.0,Expense,Normal
2025-07-07 09:28:26,2025,7,Public Bank,Phone,Maxis,Mak,10.0,Expense,Normal
2025-07-07 09:30:27,2025,7,Public Bank,Hutang,PTPTN,,100.0,Expense,Normal
2025-07-07 09:41:25,2025,7,Public Bank,Simpanan,Crypto,,21.0,Expense,Normal
2025-07-07 09:48:42,2025,7,Public Bank,Other,Shopee,Creatine,49.64,Expense,Normal
2025-07-07 12:38:24,2025,7,Public Bank,Cash,,Makanan Julai,250.0,Transfer-Out,Transfer
2025-07-07 12:38:46,2025,7,Public Bank,Other,,Fees,1.0,Expense,Normal
2025-07-07 12:38:46,2025,7,Public Bank,Cash,,,50.0,Transfer-Out,Transfer
2025-07-07 12:39:00,2025,7,Cash,Food,Lunch,,6.5,Expense,Normal
2025-07-07 18:33:47,2025,7,Cash,Food,Groceries,,8.8,Expense,Normal
2025-07-07 19:01:25,2025,7,Cash,Food,Dinner,,15.0,Expense,Normal
2025-07-08 19:23:08,2025,7,Cash,Food,Lunch,,12.0,Expense,Normal
2025-07-08 19:29:06,2025,7,Cash,Food,Dinner,1,13.8,Expense,Normal
2025-07-09 18:25:03,2025,7,Cash,Food,Lunch,,12.0,Expense,Normal
2025-07-09 18:49:46,2025,7,Cash,Food,Dinner,,10.0,Expense,Normal
2025-07-10 07:58:01,2025,7,Public Bank,Phone,Maxis,,58.3,Expense,Normal
2025-07-10 12:21:57,2025,7,Cash,Food,Dinner,,18.0,Expense,Normal
2025-07-11 12:21:48,2025,7,Cash,Food,Lunch,,10.0,Expense,Normal
2025-07-12 06:00:42,2025,7,Cash,Health,Dobi,,19.0,Expense,Normal
2025-07-12 19:33:39,2025,7,Cash,Food,Dinner,,14.3,Expense,Normal
2025-07-13 12:10:06,2025,7,Public Bank,Health,Toiletries,,22.15,Expense,Normal
2025-07-13 12:10:47,2025,7,Public Bank,Other,Movies,,64.5,Expense,Normal
2025-07-13 15:32:28,2025,7,Cash,Food,Lunch,,28.5,Expense,Normal
2025-07-13 16:06:44,2025,7,Public Bank,Food,Groceries,,15.8,Expense,Normal
2025-07-14 16:54:17,2025,7,Cash,Food,Lunch,,8.0,Expense,Normal
2025-07-14 17:49:48,2025,7,Cash,Food,Groceries,,4.6,Expense,Normal
2025-07-14 18:01:46,2025,7,Cash,Food,Dinner,,12.0,Expense,Normal
2025-07-15 07:22:01,2025,7,Cash,Transport,Touch N Go Transport,,20.0,Expense,Normal
2025-07-15 12:43:28,2025,7,Cash,Food,Lunch,,15.0,Expense,Normal
2025-07-15 19:30:57,2025,7,Cash,Food,Dinner,,12.8,Expense,Normal
2025-07-15 19:30:57,2025,7,Public Bank,Other,,Fees,1.0,Expense,Normal
2025-07-15 19:30:57,2025,7,Public Bank,Cash,,,100.0,Transfer-Out,Transfer
2025-07-16 12:34:46,2025,7,Cash,Food,Lunch,,6.5,Expense,Normal
2025-07-16 18:08:06,2025,7,Cash,Food,Dinner,,13.0,Expense,Normal
2025-07-17 12:58:53,2025,7,Cash,Food,Lunch,,7.0,Expense,Normal
2025-07-17 16:05:16,2025,7,ASB,Public Bank,,,450.0,Transfer-Out,Transfer
2025-07-17 17:54:51,2025,7,Public Bank,Health,Gym,,8.0,Expense,Normal
2025-07-17 19:30:09,2025,7,Cash,Food,Dinner,,10.9,Expense,Normal
2025-07-18 12:31:34,2025,7,Cash,Food,Lunch,,12.0,Expense,Normal
2025-07-18 17:56:34,2025,7,Public Bank,Food,Groceries,,27.0,Expense,Normal
2025-07-19 15:34:30,2025,7,Public Bank,Food,Lunch,,14.0,Expense,Normal
2025-07-19 15:34:36,2025,7,Public Bank,Transport,Minyak,,21.0,Expense,Normal
2025-07-19 17:14:52,2025,7,Public Bank,Health,Gym,,8.0,Expense,Normal
2025-07-19 19:32:21,2025,7,Cash,Food,Dinner,,14.9,Expense,Normal
2025-07-20 09:28:41,2025,7,Cash,Food,Dinner,,20.0,Expense,Normal
2025-07-21 11:28:23,2025,7,Public Bank,Health,Medical Checkup,,65.0,Expense,Normal
2025-07-21 17:15:21,2025,7,Public Bank,Health,Gym,,8.0,Expense,Normal
2025-07-21 19:30:47,2025,7,Cash,Food,Dinner,,14.9,Expense,Normal
2025-07-22 16:27:31,2025,7,Public Bank,TnG +,,,50.0,Transfer-Out,Transfer
2025-07-22 16:28:00,2025,7,Cash,Food,Lunch,,10.0,Expense,Normal
2025-07-22 18:03:28,2025,7,Public Bank,Food,Dinner,,18.0,Expense,Normal
2025-07-23 12:36:17,2025,7,Cash,Food,Lunch,,8.5,Expense,Normal
2025-07-23 18:49:45,2025,7,Public Bank,Food,Groceries,,5.0,Expense,Normal
2025-07-24 17:54:47,2025,7,Public Bank,Health,Gym,,8.0,Expense,Normal
2025-07-24 17:54:54,2025,7,Cash,Food,Lunch,,7.0,Expense,Normal
2025-07-24 18:59:37,2025,7,Public Bank,Cash,,Makanan Julai,100.0,Transfer-Out,Transfer
2025-07-24 18:59:37,2025,7,Public Bank,Other,,Fees,1.0,Expense,Normal
2025-07-24 19:27:33,2025,7,Cash,Food,Dinner,,11.5,Expense,Normal
2025-07-25 17:19:26,2025,7,Public Bank,Allowance,,,200.0,Income,Normal
2025-07-25 20:40:50,2025,7,Cash,Other,Other,Hotel book,50.0,Expense,Normal
2025-07-25 21:13:23,2025,7,Public Bank,Food,Dinner,,31.8,Expense,Normal
2025-07-25 21:13:23,2025,7,Public Bank,Transport,Train,,10.0,Expense,Normal
2025-07-26 05:46:42,2025,7,Public Bank,Phone,Yoodo,,17.0,Expense,Normal
2025-07-26 10:38:46,2025,7,Public Bank,Transport,Grabcar,,14.0,Expense,Normal
2025-07-26 12:22:35,2025,7,Cash,Food,Eating out,,16.5,Expense,Normal
2025-07-26 12:22:42,2025,7,Cash,Other,Other,Adopt,25.0,Expense,Normal
2025-07-26 13:45:20,2025,7,Public Bank,Transport,Grabcar,,23.0,Expense,Normal
2025-07-26 20:23:30,2025,7,Public Bank,Food,Dinner,,13.0,Expense,Normal
2025-07-26 21:04:02,2025,7,Public Bank,Health,Toiletries,,48.95,Expense,Normal
2025-07-27 09:46:25,2025,7,Cash,Food,Breakfast,,17.8,Expense,Normal
2025-07-27 11:07:11,2025,7,Cash,Food,Beverages,,4.0,Expense,Normal
2025-07-27 16:52:25,2025,7,Cash,Transport,Train,,4.2,Expense,Normal
2025-07-27 18:28:38,2025,7,Cash,Health,Dobi,,12.0,Expense,Normal
2025-07-27 18:35:26,2025,7,Public Bank,Other,Other,Berry,40.0,Expense,Normal
2025-07-27 18:56:29,2025,7,Public Bank,Bank Islam,,,100.0,Transfer-Out,Transfer
2025-07-27 19:01:58,2025,7,Bank Islam,Rent,,Deposit Bilik Sewa Vista Angkasa Block 8,670.0,Expense,Normal
2025-07-28 09:06:53,2025,7,Cash,Food,Breakfast,,1.8,Expense,Normal
2025-07-28 12:39:08,2025,7,Cash,Food,Lunch,,3.5,Expense,Normal
2025-07-28 17:54:38,2025,7,Public Bank,Health,Gym,,8.0,Expense,Normal
2025-07-28 19:33:08,2025,7,Cash,Food,Dinner,,11.5,Expense,Normal
2025-07-28 19:37:46,2025,7,Public Bank,Food,Groceries,,6.5,Expense,Normal
2025-07-29 12:26:09,2025,7,Public Bank,Food,Lunch,,7.0,Expense,Normal
2025-07-29 12:32:09,2025,7,Public Bank,Food,Lunch,,4.0,Expense,Normal
2025-07-29 16:57:28,2025,7,Public Bank,Bank Islam,,,300.0,Transfer-Out,Transfer
2025-07-29 18:00:36,2025,7,Cash,Food,Dinner,,17.0,Expense,Normal
2025-07-30 09:58:14,2025,7,Cash,Food,Breakfast,,1.8,Expense,Normal
2025-07-30 12:20:45,2025,7,Public Bank,Food,Lunch,,9.0,Expense,Normal
2025-07-30 17:54:34,2025,7,Public Bank,Cash,,,50.0,Transfer-Out,Transfer
2025-07-30 17:54:34,2025,7,Public Bank,Other,,Fees,1.0,Expense,Normal
2025-07-30 18:27:12,2025,7,Cash,Food,Dinner,,15.3,Expense,Normal
2025-07-31 08:54:59,2025,7,Public Bank,Food,Breakfast,,3.0,Expense,Normal
2025-07-31 12:32:00,2025,7,Public Bank,Food,Lunch,,7.0,Expense,Normal
2025-07-31 18:07:03,2025,7,Public Bank,Health,Gym,,8.0,Expense,Normal
2025-07-31 19:36:49,2025,7,Cash,Food,Dinner,,14.9,Expense,Normal
2025-08-01 16:49:13,2025,8,SSPN,Other,,Fees,3.0,Expense,Normal
2025-08-01 16:49:13,2025,8,SSPN,Public Bank,,,130.0,Transfer-Out,Transfer
2025-08-01 23:03:10,2025,8,Public Bank,Food,Dinner,,30.0,Expense,Normal
2025-08-01 23:07:22,2025,8,Public Bank,Food,Dinner,,9.9,Expense,Normal
2025-08-02 17:08:20,2025,8,Public Bank,Health,Gym,,8.0,Expense,Normal
2025-08-02 19:08:59,2025,8,Cash,Food,Beverages,,4.2,Expense,Normal
2025-08-02 19:09:21,2025,8,Public Bank,Other,,Fees,1.0,Expense,Normal
2025-08-02 19:09:21,2025,8,Public Bank,Cash,,,50.0,Transfer-Out,Transfer
2025-08-02 19:33:48,2025,8,Cash,Food,Dinner,,11.5,Expense,Normal
2025-08-03 11:15:51,2025,8,Cash,Health,Toiletries,,11.4,Expense,Normal
2025-08-03 11:25:03,2025,8,Cash,Health,Dobi,,6.0,Expense,Normal
2025-08-03 12:03:58,2025,8,Cash,Food,Lunch,,6.4,Expense,Normal
2025-08-04 07:04:01,2025,8,Public Bank,Transport,Train,,9.4,Expense,Normal
2025-08-04 10:12:03,2025,8,Public Bank,Food,Lunch,,23.45,Expense,Normal
2025-08-04 10:12:18,2025,8,Public Bank,Food,Breakfast,,15.5,Expense,Normal
2025-08-04 19:21:38,2025,8,Public Bank,Phone,Maxis,,10.0,Expense,Normal
2025-08-05 10:05:55,2025,8,Bank Islam,Rent,,"Half Sewa, Baki - 300",370.0,Expense,Normal
2025-08-06 20:05:50,2025,8,Public Bank,Food,Eating out,,5.95,Expense,Normal
2025-08-07 05:14:23,2025,8,Public Bank,Salary,,,1858.75,Income,Normal
2025-08-07 05:14:29,2025,8,Public Bank,Bank Islam,,,300.0,Transfer-Out,Transfer
2025-08-07 10:47:06,2025,8,Bank Islam,Rent,,"Half Sewa, Baki - 370",370.0,Expense,Normal
2025-08-08 09:13:15,2025,8,Public Bank,Hutang,Pami,Pami 450,30.0,Expense,Normal
2025-08-08 09:15:25,2025,8,Public Bank,Bank Islam,,,300.0,Transfer-Out,Transfer
2025-08-08 10:36:35,2025,8,Public Bank,Phone,Maxis,,58.3,Expense,Normal
2025-08-08 10:36:35,2025,8,Cash,Food,Beverages,,5.0,Expense,Normal
2025-08-09 08:32:25,2025,8,Cash,Food,Breakfast,,18.0,Expense,Normal
2025-08-09 10:28:56,2025,8,Public Bank,Other,Other,,45.3,Expense,Normal
2025-08-09 11:36:49,2025,8,Public Bank,Food,Groceries,,36.0,Expense,Normal
2025-08-09 14:31:54,2025,8,Public Bank,Other,Other,,10.0,Expense,Normal
2025-08-09 18:22:20,2025,8,Public Bank,Food,Dinner,,14.95,Expense,Normal
2025-08-09 18:47:47,2025,8,Public Bank,Food,Beverages,,26.4,Expense,Normal
2025-08-10 17:31:26,2025,8,Public Bank,Transport,Minyak,,20.0,Expense,Normal
2025-08-10 17:31:32,2025,8,Public Bank,Transport,Parking Ticket,,4.0,Expense,Normal
2025-08-11 10:57:34,2025,8,Public Bank,Cash,,,100.0,Transfer-Out,Transfer
2025-08-11 11:27:16,2025,8,Public Bank,Other,Other,Cat rumah,45.0,Expense,Normal
2025-08-11 11:38:10,2025,8,Cash,Other,Other,Cat rumah,23.7,Expense,Normal
2025-08-11 19:39:22,2025,8,Public Bank,Allowance,,,12.0,Income,Normal
2025-08-11 19:41:51,2025,8,Cash,Health,Medicine,,12.0,Expense,Normal
2025-08-12 12:20:28,2025,8,Cash,Other,Other,Cat rumah,5.1,Expense,Normal
2025-08-13 13:35:40,2025,8,Cash,Health,Gunting Rambut,,16.0,Expense,Normal
2025-08-13 13:35:40,2025,8,Cash,Transport,Bus,,4.0,Expense,Normal
2025-08-14 11:15:34,2025,8,Cash,Transport,Bus,,3.0,Expense,Normal
2025-08-14 11:32:08,2025,8,Public Bank,Transport,Grabcar,,7.0,Expense,Normal
2025-08-14 11:39:28,2025,8,Public Bank,Other,Movies,,34.0,Expense,Normal
2025-08-14 15:50:43,2025,8,Public Bank,Apparel,,,100.0,Expense,Normal
2025-08-14 15:50:48,2025,8,Public Bank,Allowance,,STR,150.0,Income,Normal
2025-08-14 16:36:05,2025,8,Public Bank,Food,Lunch,,23.85,Expense,Normal
2025-08-14 16:38:02,2025,8,Public Bank,Food,Groceries,,4.6,Expense,Normal
2025-08-14 16:42:23,2025,8,Public Bank,Transport,Grabcar,,11.0,Expense,Normal
2025-08-14 17:06:45,2025,8,Cash,Transport,Bus,,3.0,Expense,Normal
2025-08-15 17:36:40,2025,8,Cash,Other,Other,Jahit Seluar,15.0,Expense,Normal
2025-08-16 14:22:59,2025,8,Public Bank,Health,Medicine,,18.0,Expense,Normal
2025-08-16 14:23:04,2025,8,Cash,Food,Beverages,,5.0,Expense,Normal
2025-08-16 14:38:30,2025,8,Public Bank,Health,Medicine,,27.5,Expense,Normal
2025-08-16 15:54:02,2025,8,Public Bank,Apparel,,,79.9,Expense,Normal
2025-08-16 16:23:56,2025,8,Public Bank,Transport,Parking Ticket,,4.0,Expense,Normal
2025-08-16 16:50:50,2025,8,Public Bank,Food,Eating out,,9.0,Expense,Normal
2025-08-16 18:41:10,2025,8,Public Bank,Food,Eating out,,12.9,Expense,Normal
2025-08-16 18:44:20,2025,8,Public Bank,Food,Eating out,,15.0,Expense,Normal
2025-08-16 18:49:49,2025,8,Public Bank,Food,Beverages,,13.0,Expense,Normal
2025-08-16 21:54:47,2025,8,Public Bank,Other,Other,Phone Screen Protector,20.0,Expense,Normal
2025-08-17 13:44:47,2025,8,Public Bank,Food,Groceries,,8.0,Expense,Normal
2025-08-17 13:46:09,2025,8,Public Bank,Food,Groceries,,4.0,Expense,Normal
2025-08-17 13:47:39,2025,8,Public Bank,Food,Groceries,,8.0,Expense,Normal
2025-08-18 07:00:52,2025,8,Public Bank,Food,Breakfast,,29.95,Expense,Normal
2025-08-18 13:58:45,2025,8,Public Bank,Transport,Train,,55.0,Expense,Normal
2025-08-18 13:58:50,2025,8,Cash,Food,Lunch,,13.5,Expense,Normal
2025-08-18 13:58:50,2025,8,Cash,Transport,Train,,2.0,Expense,Normal
2025-08-19 14:03:09,2025,8,Cash,Transport,Train,,10.0,Expense,Normal
2025-08-19 14:35:24,2025,8,Cash,Other,Other,,1.5,Expense,Normal
2025-08-19 15:30:04,2025,8,Public Bank,Health,Toiletries,,44.2,Expense,Normal
2025-08-19 15:38:50,2025,8,Public Bank,Food,Eating out,,8.5,Expense,Normal
2025-08-19 15:39:31,2025,8,Cash,Food,Lunch,,20.0,Expense,Normal
2025-08-19 16:16:46,2025,8,Public Bank,Health,Toiletries,,107.8,Expense,Normal
2025-08-19 16:38:47,2025,8,Cash,Health,Toiletries,,8.5,Expense,Normal
2025-08-20 13:19:45,2025,8,Cash,Food,Lunch,,9.0,Expense,Normal
2025-08-20 22:54:15,2025,8,Cash,Food,Dinner,,6.0,Expense,Normal
2025-08-22 09:04:23,2025,8,Public Bank,Other,Other,,20.0,Expense,Normal
2025-08-22 09:04:45,2025,8,Public Bank,Other,Other,,1.0,Expense,Normal
2025-08-22 09:18:12,2025,8,Public Bank,Transport,Grabcar,,9.0,Expense,Normal
2025-08-22 18:41:53,2025,8,Cash,Food,Dinner,,12.0,Expense,Normal
2025-08-23 14:57:09,2025,8,Cash,Food,Lunch,,10.9,Expense,Normal
2025-08-23 19:44:37,2025,8,Cash,Food,Dinner,,12.8,Expense,Normal
2025-08-23 21:10:41,2025,8,Cash,Health,Dobi,,7.0,Expense,Normal
2025-08-24 18:20:30,2025,8,Public Bank,Other,,Fees,1.0,Expense,Normal
2025-08-24 18:20:30,2025,8,Public Bank,Cash,,,250.0,Transfer-Out,Transfer
2025-08-24 18:29:40,2025,8,Cash,Food,Dinner,,20.0,Expense,Normal
2025-08-24 19:07:53,2025,8,Cash,Transport,Touch N Go Transport,,20.0,Expense,Normal
2025-08-25 06:24:29,2025,8,Public Bank,Phone,Yoodo,,17.0,Expense,Normal
2025-08-25 13:13:03,2025,8,Cash,Food,Lunch,,6.0,Expense,Normal
2025-08-25 17:16:20,2025,8,Cash,Food,Dinner,,4.0,Expense,Normal
2025-08-28 11:26:53,2025,8,Public Bank,Allowance,,,100.0,Income,Normal
2025-08-28 17:38:56,2025,8,Cash,Food,Dinner,,4.0,Expense,Normal
2025-08-29 13:03:48,2025,8,Cash,Food,Lunch,1,7.0,Expense,Normal
2025-08-29 19:27:02,2025,8,Public Bank,Food,Dinner,,8.0,Expense,Normal
2025-08-29 19:28:49,2025,8,Public Bank,Food,Beverages,,5.0,Expense,Normal
2025-08-30 18:37:13,2025,8,Cash,Food,Groceries,,11.0,Expense,Normal
2025-08-30 18:58:16,2025,8,Cash,Food,Dinner,,8.3,Expense,Normal
2025-08-31 19:39:51,2025,8,Cash,Food,Dinner,3,24.9,Expense,Normal
2025-08-31 19:40:26,2025,8,Public Bank,Food,Groceries,,25.1,Expense,Normal
2025-08-31 23:47:42,2025,8,Cash,Transport,Train,,2.6,Expense,Normal
2025-09-02 13:03:35,2025,9,Public Bank,Food,Lunch,,4.5,Expense,Normal
2025-09-02 15:07:26,2025,9,Public Bank,Allowance,,Pemulangan Depo PPAM Melinjau,408.86,Income,Normal
2025-09-02 15:08:15,2025,9,Public Bank,Bank Islam,,,390.0,Transfer-Out,Transfer
2025-09-02 15:10:33,2025,9,Bank Islam,Rent,,Deposit Bilik Sewa Vista Angkasa Block 8,670.0,Expense,Normal
2025-09-03 13:16:24,2025,9,Cash,Food,Lunch,,8.0,Expense,Normal
2025-09-04 13:05:06,2025,9,Cash,Food,Lunch,,5.5,Expense,Normal
2025-09-04 20:28:37,2025,9,Cash,Food,Dinner,,14.3,Expense,Normal
2025-09-05 11:18:22,2025,9,Bank Islam,Allowance,,,750.0,Income,Normal
2025-09-05 11:18:37,2025,9,Bank Islam,Rent,,,670.0,Expense,Normal
2025-09-06 11:19:18,2025,9,Bank Islam,Public Bank,,,90.0,Transfer-Out,Transfer
2025-09-06 11:27:30,2025,9,Cash,Transport,Train,,2.6,Expense,Normal
2025-09-06 12:12:15,2025,9,Public Bank,Health,Toiletries,,20.55,Expense,Normal
2025-09-06 14:13:07,2025,9,Cash,Food,Eating out,,19.0,Expense,Normal
2025-09-06 14:13:21,2025,9,Public Bank,Food,Groceries,,36.35,Expense,Normal
2025-09-07 18:38:09,2025,9,Public Bank,Other,,Fees,1.0,Expense,Normal
2025-09-07 18:38:09,2025,9,Public Bank,Cash,,,50.0,Transfer-Out,Transfer
2025-09-07 19:11:25,2025,9,Cash,Food,Dinner,,14.3,Expense,Normal
2025-09-08 13:20:26,2025,9,Cash,Food,Lunch,,6.0,Expense,Normal
2025-09-08 19:13:00,2025,9,Cash,Food,Dinner,,10.0,Expense,Normal
2025-09-09 13:09:19,2025,9,Cash,Food,Lunch,,7.0,Expense,Normal
2025-09-09 17:51:04,2025,9,Cash,Food,Dinner,,4.0,Expense,Normal
2025-09-09 21:47:33,2025,9,Public Bank,Modified Bal.,,Difference,1073.96,Expense,Adjustment
2025-09-09 21:48:17,2025,9,Bank Islam,Modified Bal.,,Difference,126.0,Income,Adjustment
2025-09-09 21:53:21,2025,9,ASB,Modified Bal.,,Difference,1166.57,Income,Adjustment
2025-09-09 21:54:33,2025,9,Wahed,Modified Bal.,,Difference,4.65,Income,Adjustment
2025-09-09 22:05:50,2025,9,Cash,Modified Bal.,,Difference,689.85,Income,Adjustment
2025-09-09 22:06:25,2025,9,TnG +,Modified Bal.,,Difference,9.01,Expense,Adjustment
2025-09-10 13:14:53,2025,9,Cash,Food,Lunch,,8.0,Expense,Normal
2025-09-10 15:47:17,2025,9,Public Bank,Other,Other,Sumbangan,10.0,Expense,Normal
2025-09-10 19:52:42,2025,9,Cash,Food,Dinner,,10.0,Expense,Normal
2025-09-11 16:55:36,2025,9,Cash,Food,Dinner,,4.0,Expense,Normal
2025-09-12 12:12:24,2025,9,Cash,Food,Lunch,,9.5,Expense,Normal
2025-09-12 18:51:33,2025,9,Public Bank,Food,Dinner,,8.0,Expense,Normal
2025-09-13 19:02:41,2025,9,Cash,Food,Dinner,,10.3,Expense,Normal
2025-09-15 14:46:24,2025,9,Public Bank,Food,Eating out,,17.5,Expense,Normal
2025-09-15 15:41:57,2025,9,Cash,Transport,Train,,10.0,Expense,Normal
2025-09-15 16:41:42,2025,9,Cash,Other,Other,Muzium,2.0,Expense,Normal
2025-09-15 16:41:49,2025,9,Public Bank,Other,,Fees,1.0,Expense,Normal
2025-09-15 16:41:49,2025,9,Public Bank,Cash,,,50.0,Transfer-Out,Transfer
2025-09-15 18:50:17,2025,9,Public Bank,Health,Toiletries,,25.9,Expense,Normal
2025-09-15 18:53:34,2025,9,Public Bank,Food,Eating out,,30.0,Expense,Normal
2025-09-16 18:35:39,2025,9,Public Bank,Food,Groceries,,20.05,Expense,Normal
2025-09-17 12:01:27,2025,9,Public Bank,Allowance,,,500.0,Income,Normal
2025-09-17 13:01:10,2025,9,Cash,Food,Lunch,,11.0,Expense,Normal
2025-09-17 19:20:14,2025,9,Public Bank,Food,Dinner,,10.0,Expense,Normal
2025-09-17 19:27:19,2025,9,Cash,Food,Beverages,,2.9,Expense,Normal
2025-09-17 19:27:26,2025,9,Cash,Transport,Touch N Go Transport,,20.0,Expense,Normal
2025-09-18 13:06:21,2025,9,Cash,Food,Lunch,,5.0,Expense,Normal
2025-09-19 10:13:19,2025,9,Public Bank,Food,Beverages,,2.3,Expense,Normal
2025-09-19 12:20:14,2025,9,Cash,Food,Lunch,,5.0,Expense,Normal
2025-09-19 18:27:16,2025,9,Public Bank,Food,Dinner,,8.0,Expense,Normal
2025-09-20 09:11:24,2025,9,Wahed,Public Bank,,,95.0,Transfer-Out,Transfer
2025-09-20 18:23:13,2025,9,Public Bank,Food,Dinner,,33.0,Expense,Normal
2025-09-22 13:10:27,2025,9,Cash,Food,Lunch,,8.0,Expense,Normal
2025-09-22 21:08:49,2025,9,Cash,Transport,Train,,3.5,Expense,Normal
2025-09-22 22:20:59,2025,9,Public Bank,Food,Dinner,,13.0,Expense,Normal
2025-09-22 23:42:39,2025,9,Public Bank,Food,Dinner,,3.0,Expense,Normal
2025-09-22 23:42:45,2025,9,Public Bank,Food,Beverages,,5.0,Expense,Normal
2025-09-23 13:14:55,2025,9,Cash,Food,Beverages,,6.5,Expense,Normal
2025-09-23 13:50:21,2025,9,Cash,Food,Lunch,,7.0,Expense,Normal
2025-09-23 17:14:01,2025,9,Cash,Food,Dinner,,8.0,Expense,Normal
2025-09-23 21:22:09,2025,9,Public Bank,Hutang,Pami,450,0.0,Expense,Normal
2025-09-23 21:53:10,2025,9,Public Bank,Other,Shopee,Tilam,245.4,Expense,Normal
2025-09-24 05:36:08,2025,9,Public Bank,Phone,Yoodo,,17.0,Expense,Normal
2025-09-24 13:15:32,2025,9,Cash,Food,Lunch,,10.0,Expense,Normal
2025-09-24 18:46:44,2025,9,Cash,Food,Dinner,,9.0,Expense,Normal
2025-09-25 06:20:18,2025,9,Bank Islam,Salary,,,4196.02,Income,Normal
2025-09-25 07:10:50,2025,9,Bank Islam,Family,Mak,100 - Mak Cik Agus,250.0,Expense,Normal
2025-09-25 07:54:04,2025,9,Bank Islam,Hutang,Pami,Baki 350,100.0,Expense,Normal
2025-09-25 07:54:15,2025,9,Bank Islam,Simpanan,ASB,,250.0,Expense,Normal
2025-09-25 08:04:37,2025,9,Bank Islam,Other,Shopee,,453.24,Expense,Normal
2025-09-25 08:15:53,2025,9,Bank Islam,Hutang,PTPTN,,150.0,Expense,Normal
2025-09-25 08:18:17,2025,9,Bank Islam,Phone,Maxis,,116.6,Expense,Normal
2025-09-25 09:00:35,2025,9,Bank Islam,Transport,Touch N Go Transport,Charm Kad,40.0,Expense,Normal
2025-09-25 13:10:47,2025,9,Public Bank,Food,Lunch,,7.0,Expense,Normal
2025-09-25 13:13:31,2025,9,Public Bank,Food,Beverages,,8.0,Expense,Normal
2025-09-25 16:13:46,2025,9,Public Bank,Family,Kak Ani,,100.0,Expense,Normal
2025-09-25 16:53:05,2025,9,Public Bank,Food,Dinner,,8.0,Expense,Normal
2025-09-25 20:01:19,2025,9,Public Bank,Game,Gamepass,,24.0,Expense,Normal
2025-09-25 22:12:54,2025,9,Bank Islam,Rent,,,670.0,Expense,Normal
2025-09-26 12:28:37,2025,9,Public Bank,Food,Lunch,,7.0,Expense,Normal
2025-09-26 18:56:24,2025,9,Public Bank,Food,Dinner,,8.0,Expense,Normal
2025-09-26 18:57:38,2025,9,Public Bank,Food,Groceries,Pisang,12.0,Expense,Normal
2025-09-26 18:59:15,2025,9,Public Bank,Food,Beverages,,5.0,Expense,Normal
2025-09-26 20:50:49,2025,9,Public Bank,Transport,MyPass50,,50.0,Expense,Normal
2025-09-27 13:13:15,2025,9,Cash,Health,Gunting Rambut,,15.0,Expense,Normal
2025-09-27 18:45:16,2025,9,Public Bank,Food,Eating out,,20.8,Expense,Normal
2025-09-27 19:17:51,2025,9,Public Bank,Health,Toiletries,,48.15,Expense,Normal
2025-09-27 19:18:12,2025,9,Bank Islam,Public Bank,,,100.0,Transfer-Out,Transfer
2025-09-27 19:19:14,2025,9,Public Bank,Modified Bal.,,Difference,40.0,Expense,Adjustment
2025-09-27 22:44:15,2025,9,Bank Islam,Simpanan,Crypto,,100.0,Expense,Normal
2025-09-28 13:22:52,2025,9,Public Bank,Other,Movies,,30.5,Expense,Normal
2025-09-28 13:25:55,2025,9,Public Bank,Food,Eating out,,21.9,Expense,Normal
2025-09-28 14:24:59,2025,9,Public Bank,Food,Groceries,,14.6,Expense,Normal
2025-09-29 12:48:22,2025,9,Bank Islam,Public Bank,,,250.0,Transfer-Out,Transfer
2025-09-29 12:54:13,2025,9,Public Bank,Food,Lunch,,8.0,Expense,Normal
2025-09-29 17:04:27,2025,9,Public Bank,Other,,Fees,1.0,Expense,Normal
2025-09-29 17:04:27,2025,9,Public Bank,Cash,,,100.0,Transfer-Out,Transfer
2025-09-29 18:44:57,2025,9,Public Bank,Food,Dinner,,8.0,Expense,Normal
2025-09-30 14:01:38,2025,9,Cash,Food,Lunch,,7.0,Expense,Normal
2025-09-30 17:20:27,2025,9,Bank Islam,Food,Dinner,,14.5,Expense,Normal
2025-10-01 07:59:47,2025,10,Public Bank,Game,Honkai Star Rail,,19.9,Expense,Normal
2025-10-01 12:54:56,2025,10,Cash,Food,Lunch,,5.0,Expense,Normal
2025-10-01 18:53:33,2025,10,Bank Islam,Food,Dinner,,9.0,Expense,Normal
2025-10-01 20:32:26,2025,10,Public Bank,Game,Genshin Impact,,19.9,Expense,Normal
2025-10-02 12:58:32,2025,10,Public Bank,Food,Lunch,,7.0,Expense,Normal
2025-10-02 17:13:27,2025,10,Public Bank,Food,Dinner,,7.0,Expense,Normal
2025-10-03 12:38:51,2025,10,Cash,Food,Lunch,,5.0,Expense,Normal
2025-10-03 18:53:55,2025,10,Public Bank,Food,Groceries,,15.7,Expense,Normal
2025-10-03 18:57:18,2025,10,Public Bank,Food,Dinner,,10.0,Expense,Normal
2025-10-03 19:01:05,2025,10,Public Bank,Food,Dinner,,8.0,Expense,Normal
2025-10-04 13:51:10,2025,10,Bank Islam,Other,Shopee,Cooking Spray,11.9,Expense,Normal
2025-10-04 17:13:39,2025,10,Public Bank,Other,Other,Derma,40.0,Expense,Normal
2025-10-04 18:28:55,2025,10,Bank Islam,Public Bank,,,100.0,Transfer-Out,Transfer
2025-10-04 18:58:46,2025,10,Public Bank,Food,Eating out,,30.45,Expense,Normal
2025-10-04 19:37:05,2025,10,Bank Islam,Apparel,Other,,102.5,Expense,Normal
2025-10-05 06:57:30,2025,10,Cash,Food,Groceries,,3.0,Expense,Normal
2025-10-05 07:14:55,2025,10,Cash,Health,Dobi,,19.0,Expense,Normal
2025-10-05 18:19:19,2025,10,Cash,Food,Eating out,,17.5,Expense,Normal
2025-10-05 18:26:16,2025,10,Cash,Food,Groceries,,12.9,Expense,Normal
2025-10-06 17:03:22,2025,10,Public Bank,Food,Dinner,,8.0,Expense,Normal
2025-10-08 21:20:01,2025,10,Bank Islam,Food,Eating out,,15.0,Expense,Normal
2025-10-08 22:24:32,2025,10,Bank Islam,Food,Eating out,,22.4,Expense,Normal
2025-10-09 13:02:11,2025,10,Cash,Food,Lunch,,8.0,Expense,Normal
2025-10-09 14:09:03,2025,10,Bank Islam,Other,,Fees,1.0,Expense,Normal
2025-10-09 14:09:03,2025,10,Bank Islam,Cash,,,100.0,Transfer-Out,Transfer
2025-10-09 17:02:51,2025,10,Cash,Food,Dinner,,8.0,Expense,Normal
2025-10-10 16:05:07,2025,10,Bank Islam,Other,Shopee,,35.0,Expense,Normal
2025-10-10 19:12:51,2025,10,Public Bank,Food,Dinner,,7.0,Expense,Normal
2025-10-10 19:12:56,2025,10,Public Bank,Food,Eating out,,5.0,Expense,Normal
2025-10-10 20:50:54,2025,10,Bank Islam,Public Bank,,,300.0,Transfer-Out,Transfer
2025-10-10 20:52:28,2025,10,Public Bank,Other,Other,Socar,2.0,Expense,Normal
2025-10-10 22:00:22,2025,10,Public Bank,Other,Other,Socar,130.6,Expense,Normal
2025-10-11 11:37:14,2025,10,Cash,Transport,Minyak,,30.0,Expense,Normal
2025-10-11 19:59:56,2025,10,Cash,Food,Eating out,,10.0,Expense,Normal
2025-10-11 21:56:41,2025,10,Bank Islam,Public Bank,,,100.0,Transfer-Out,Transfer
2025-10-11 21:56:55,2025,10,Public Bank,Other,Other,,54.0,Expense,Normal
2025-10-12 11:41:16,2025,10,TnG +,Modified Bal.,,Difference,0.09,Income,Adjustment
2025-10-12 11:41:47,2025,10,Public Bank,Modified Bal.,,Difference,137.79,Expense,Adjustment
2025-10-12 14:16:06,2025,10,Public Bank,Food,Eating out,,26.0,Expense,Normal
2025-10-12 15:03:30,2025,10,Public Bank,Health,Toiletries,,83.65,Expense,Normal
2025-10-13 08:20:46,2025,10,Cash,Food,Breakfast,,7.0,Expense,Normal
2025-10-13 10:58:28,2025,10,Public Bank,Modified Bal.,,Difference,0.1,Expense,Adjustment
2025-10-13 13:09:01,2025,10,Bank Islam,Public Bank,,,100.0,Transfer-Out,Transfer
2025-10-13 14:01:44,2025,10,Public Bank,Food,Lunch,,16.5,Expense,Normal
2025-10-13 18:58:06,2025,10,Public Bank,Food,Dinner,,8.0,Expense,Normal
2025-10-13 19:06:24,2025,10,Cash,Food,Groceries,,3.0,Expense,Normal
2025-10-14 13:26:41,2025,10,Public Bank,Food,Lunch,,8.0,Expense,Normal
2025-10-14 16:58:27,2025,10,Cash,Food,Dinner,,7.0,Expense,Normal
2025-10-15 21:20:20,2025,10,Public Bank,Food,Eating out,,31.0,Expense,Normal
2025-10-16 06:21:02,2025,10,Bank Islam,Public Bank,,,830.0,Transfer-Out,Transfer
2025-10-16 06:21:09,2025,10,Bank Islam,Salary,,,2976.25,Income,Normal
2025-10-16 06:32:30,2025,10,Public Bank,Hutang,Other,Kak Fara - Tiket MCR,250.0,Expense,Normal
2025-10-16 06:32:47,2025,10,Public Bank,Hutang,Pami,Habis Bayar Hutang,350.0,Expense,Normal
2025-10-16 08:14:17,2025,10,Public Bank,Kak Ani,,,100.0,Expense,Normal
2025-10-16 08:14:32,2025,10,Bank Islam,Family,Mak,,250.0,Expense,Normal
2025-10-16 08:19:43,2025,10,Bank Islam,Simpanan,ASB,,250.0,Expense,Normal
2025-10-16 08:29:11,2025,10,Bank Islam,Simpanan,Crypto,,100.0,Expense,Normal
2025-10-16 09:11:04,2025,10,Cash,Food,Breakfast,,6.0,Expense,Normal
2025-10-16 12:48:25,2025,10,Public Bank,Food,Lunch,,10.0,Expense,Normal
2025-10-16 19:54:33,2025,10,Bank Islam,Hutang,PTPTN,,150.0,Expense,Normal
2025-10-17 17:18:03,2025,10,Cash,Food,Lunch,,10.5,Expense,Normal
2025-10-17 17:20:05,2025,10,Public Bank,Food,Groceries,,5.0,Expense,Normal
2025-10-17 17:24:15,2025,10,Bank Islam,Food,Dinner,,8.0,Expense,Normal
2025-10-18 10:59:10,2025,10,Bank Islam,Rent,,Sewa Rumah Nov,670.0,Expense,Normal
2025-10-18 13:27:51,2025,10,Public Bank,Transport,Grabcar,,42.0,Expense,Normal
2025-10-19 13:54:46,2025,10,Public Bank,Food,Eating out,,21.9,Expense,Normal
2025-10-19 15:07:40,2025,10,Bank Islam,Food,Groceries,,79.1,Expense,Normal
2025-10-19 17:07:37,2025,10,Bank Islam,Food,Groceries,,43.15,Expense,Normal
2025-10-21 12:46:23,2025,10,Public Bank,Modified Bal.,,Difference,1.0,Income,Adjustment
2025-10-21 13:06:37,2025,10,Public Bank,Food,Lunch,,8.0,Expense,Normal
2025-10-21 16:47:24,2025,10,Public Bank,Food,Dinner,,8.0,Expense,Normal
2025-10-22 12:02:26,2025,10,Public Bank,Food,Lunch,,8.0,Expense,Normal
2025-10-23 06:12:51,2025,10,ASB,Public Bank,,,450.0,Transfer-Out,Transfer
2025-10-23 12:18:16,2025,10,Public Bank,Food,Dinner,,8.0,Expense,Normal
2025-10-23 12:18:16,2025,10,Public Bank,Food,Lunch,,8.0,Expense,Normal
2025-10-23 12:18:16,2025,10,Public Bank,Allowance,,,150.0,Income,Normal
2025-10-24 07:15:04,2025,10,Public Bank,Phone,Yoodo,,17.0,Expense,Normal
2025-10-24 08:11:15,2025,10,Bank Rakyat,Other,,Fees,1.0,Expense,Normal
2025-10-24 08:11:15,2025,10,Bank Rakyat,Cash,,,20.0,Transfer-Out,Transfer
2025-10-24 08:11:25,2025,10,Bank Islam,Other,,Fees,1.0,Expense,Normal
2025-10-24 08:11:25,2025,10,Bank Islam,Cash,,,100.0,Transfer-Out,Transfer
2025-10-24 08:11:38,2025,10,Cash,Food,Breakfast,,7.0,Expense,Normal
2025-10-24 13:53:49,2025,10,Public Bank,Food,Lunch,,7.0,Expense,Normal
2025-10-24 19:03:04,2025,10,Public Bank,Food,Dinner,,5.0,Expense,Normal
2025-10-24 19:10:46,2025,10,Public Bank,Food,Dinner,,4.0,Expense,Normal
2025-10-24 20:30:59,2025,10,ASB,Allowance,,Socar Minyak,30.0,Income,Normal
2025-10-24 21:29:16,2025,10,Public Bank,Other,Other,Genting,148.0,Expense,Normal
2025-10-25 10:37:46,2025,10,TnG +,Transport,MyPass50,,50.0,Expense,Normal
2025-10-25 13:37:48,2025,10,Public Bank,Apparel,Seluar,,149.9,Expense,Normal
2025-10-25 13:38:23,2025,10,Public Bank,Apparel,Baju,,120.1,Expense,Normal
2025-10-25 14:32:02,2025,10,Cash,Food,Eating out,,26.0,Expense,Normal
2025-10-26 10:56:48,2025,10,Public Bank,Transport,Kereta Sewa,Socar,107.71,Expense,Normal
2025-10-26 10:56:48,2025,10,Public Bank,Food,Beverages,,8.95,Expense,Normal
2025-10-26 10:56:48,2025,10,Public Bank,Other,Other,Pickleball,21.0,Expense,Normal
2025-10-26 23:00:59,2025,10,Public Bank,Modified Bal.,,Difference,7.3,Expense,Adjustment
2025-10-26 23:00:59,2025,10,Public Bank,Transport,Grabcar,,29.0,Expense,Normal
2025-10-26 23:00:59,2025,10,Public Bank,Food,Eating out,Zus,44.8,Expense,Normal
2025-10-27 07:45:20,2025,10,Cash,Food,Breakfast,,7.0,Expense,Normal
2025-10-27 09:08:42,2025,10,ASB,Modified Bal.,,Difference,470.0,Income,Adjustment
2025-10-27 09:10:48,2025,10,Public Bank,Game,Gamepass,,20.0,Expense,Normal
2025-10-27 09:14:30,2025,10,Public Bank,Modified Bal.,,Difference,20.0,Income,Adjustment
2025-10-27 14:11:00,2025,10,Cash,Food,Lunch,,5.0,Expense,Normal
2025-10-27 17:19:57,2025,10,Cash,Food,Dinner,,7.0,Expense,Normal
2025-10-27 17:48:03,2025,10,Bank Islam,Food,Groceries,,10.0,Expense,Normal
2025-10-28 12:43:24,2025,10,Bank Islam,Public Bank,,,100.0,Transfer-Out,Transfer
2025-10-28 13:04:34,2025,10,Public Bank,Food,Lunch,,8.0,Expense,Normal
2025-10-28 17:15:05,2025,10,Public Bank,Food,Dinner,,8.0,Expense,Normal
2025-10-29 15:10:14,2025,10,Bank Islam,Other,Other,Genting,188.0,Expense,Normal
2025-10-29 19:36:58,2025,10,Bank Islam,Food,Dinner,,14.5,Expense,Normal
2025-10-29 20:45:53,2025,10,Public Bank,Allowance,,Genting,33.4,Income,Normal
2025-10-30 13:12:58,2025,10,Public Bank,Food,Lunch,,8.0,Expense,Normal
2025-10-30 17:24:16,2025,10,Public Bank,Food,Dinner,,8.0,Expense,Normal
2025-11-01 17:29:40,2025,11,Public Bank,Food,Eating out,,10.0,Expense,Normal
2025-11-03 13:30:54,2025,11,Cash,Food,Lunch,,8.0,Expense,Normal
2025-11-03 18:53:52,2025,11,Cash,Food,Dinner,,10.0,Expense,Normal
2025-11-04 12:47:30,2025,11,Cash,Food,Lunch,,6.5,Expense,Normal
2025-11-04 18:08:59,2025,11,Cash,Food,Dinner,,8.0,Expense,Normal
2025-11-04 19:57:57,2025,11,Bank Islam,Cash,,,50.0,Transfer-Out,Transfer
2025-11-04 19:57:57,2025,11,Bank Islam,Other,,Fees,1.0,Expense,Normal
2025-11-04 19:58:03,2025,11,Cash,Other,Other,Phone Repair,50.0,Expense,Normal
2025-11-05 12:07:56,2025,11,Bank Islam,Other,Other,Phone Screen Protector,20.0,Expense,Normal
2025-11-05 12:39:55,2025,11,Public Bank,Food,Lunch,,13.0,Expense,Normal
2025-11-05 12:44:14,2025,11,Public Bank,Food,Beverages,,4.9,Expense,Normal
2025-11-05 19:48:59,2025,11,Cash,Food,Beverages,,8.0,Expense,Normal
2025-11-05 19:49:03,2025,11,Public Bank,Food,Dinner,,21.0,Expense,Normal
2025-11-05 20:21:05,2025,11,Public Bank,Food,Eating out,,15.3,Expense,Normal
2025-11-05 23:41:52,2025,11,Bank Islam,Other,Other,Genting,126.6,Expense,Normal
2025-11-06 07:51:43,2025,11,TnG +,Food,Breakfast,,13.0,Expense,Normal
2025-11-06 12:45:49,2025,11,Bank Islam,TnG +,,,100.0,Transfer-Out,Transfer
2025-11-06 12:51:25,2025,11,TnG +,Food,Lunch,,20.0,Expense,Normal
2025-11-06 17:41:42,2025,11,Cash,Food,Eating out,,7.0,Expense,Normal
2025-11-07 10:07:24,2025,11,Public Bank,Modified Bal.,,Difference,9.0,Expense,Adjustment
2025-11-07 13:41:19,2025,11,Bank Islam,Other,Other,Genting,15.5,Expense,Normal
2025-11-07 14:40:25,2025,11,Bank Islam,Food,Lunch,,25.3,Expense,Normal
2025-11-08 07:56:38,2025,11,TnG +,Food,Breakfast,,16.2,Expense,Normal
2025-11-08 13:56:53,2025,11,Cash,Food,Lunch,,16.5,Expense,Normal
2025-11-08 13:57:01,2025,11,TnG +,Other,Other,,49.0,Expense,Normal
2025-11-08 17:51:19,2025,11,Bank Islam,Food,Eating out,,60.0,Expense,Normal
2025-11-09 07:56:52,2025,11,Public Bank,Phone,Yoodo,,15.0,Expense,Normal
2025-11-09 09:58:50,2025,11,Bank Islam,Food,Eating out,,70.0,Expense,Normal
2025-11-09 13:08:03,2025,11,Bank Islam,Health,Toiletries,,23.3,Expense,Normal
2025-11-09 13:14:38,2025,11,Cash,Food,Eating out,,9.2,Expense,Normal
2025-11-09 13:28:52,2025,11,TnG +,Food,Beverages,,15.9,Expense,Normal
2025-11-09 15:06:19,2025,11,Cash,Food,Beverages,,1.0,Expense,Normal
2025-11-10 12:55:53,2025,11,Bank Islam,Other,Other,Pusat Sains,32.0,Expense,Normal
2025-11-10 14:27:13,2025,11,Public Bank,Food,Lunch,,13.0,Expense,Normal
2025-11-10 14:57:06,2025,11,Public Bank,Food,Eating out,,5.0,Expense,Normal
2025-11-10 21:55:44,2025,11,Bank Islam,Food,Dinner,,22.8,Expense,Normal
2025-11-11 12:50:35,2025,11,Bank Islam,TnG +,,,150.0,Transfer-Out,Transfer
2025-11-11 13:10:49,2025,11,TnG +,Food,Lunch,,6.0,Expense,Normal
2025-11-12 13:22:41,2025,11,TnG +,Food,Lunch,,8.0,Expense,Normal
2025-11-12 17:11:54,2025,11,TnG +,Food,Dinner,,7.0,Expense,Normal
2025-11-13 13:07:11,2025,11,TnG +,Food,Lunch,,8.0,Expense,Normal
2025-11-13 17:04:42,2025,11,TnG +,Food,Dinner,,7.0,Expense,Normal
2025-11-14 07:55:52,2025,11,Bank Islam,Cash,,,50.0,Transfer-Out,Transfer
2025-11-14 07:55:52,2025,11,Bank Islam,Other,,Fees,1.0,Expense,Normal
2025-11-14 19:08:52,2025,11,Cash,Food,Dinner,,10.0,Expense,Normal
2025-11-14 19:12:58,2025,11,Cash,Food,Eating out,,7.0,Expense,Normal
2025-11-14 19:22:23,2025,11,Cash,Food,Eating out,,10.0,Expense,Normal
2025-11-15 10:32:19,2025,11,TnG +,Health,Dobi,,12.0,Expense,Normal
2025-11-15 10:57:41,2025,11,Cash,Health,Gunting Rambut,,15.0,Expense,Normal
2025-11-15 11:02:32,2025,11,TnG +,Health,Dobi,,7.0,Expense,Normal
2025-11-15 17:41:13,2025,11,Bank Islam,Food,Eating out,,40.5,Expense,Normal
2025-11-15 20:27:15,2025,11,Bank Islam,Health,Toiletries,,69.25,Expense,Normal
2025-11-15 20:27:22,2025,11,Bank Islam,Health,Toiletries,,19.0,Expense,Normal
2025-11-17 12:45:28,2025,11,TnG +,Food,Eating out,,12.0,Expense,Normal
2025-11-17 19:23:35,2025,11,TnG +,Food,Beverages,,2.3,Expense,Normal
2025-11-17 19:45:09,2025,11,TnG +,Food,Lunch,,15.0,Expense,Normal
2025-11-18 12:01:52,2025,11,Public Bank,Modified Bal.,,Socar Refund Grab,28.5,Income,Adjustment
2025-11-18 12:02:24,2025,11,Bank Islam,Modified Bal.,,Difference,8.0,Expense,Adjustment
2025-11-18 13:05:49,2025,11,TnG +,Food,Lunch,,8.0,Expense,Normal
2025-11-18 17:02:12,2025,11,TnG +,Food,Dinner,,7.0,Expense,Normal
2025-11-19 13:10:05,2025,11,TnG +,Food,Lunch,,8.0,Expense,Normal
2025-11-19 16:27:46,2025,11,Cash,Allowance,,,10.0,Income,Normal
2025-11-19 16:27:54,2025,11,TnG +,Food,Dinner,,25.0,Expense,Normal
2025-11-19 18:41:55,2025,11,TnG +,Food,Beverages,,2.3,Expense,Normal
2025-11-20 06:38:21,2025,11,Bank Islam,Salary,,,2976.25,Income,Normal
2025-11-20 08:07:29,2025,11,Bank Islam,Family,Mak,,250.0,Expense,Normal
2025-11-20 08:07:33,2025,11,Public Bank,Kak Ani,,,100.0,Expense,Normal
2025-11-20 08:07:43,2025,11,Bank Islam,Public Bank,,,200.0,Transfer-Out,Transfer
2025-11-20 08:11:41,2025,11,Bank Islam,TnG +,,,500.0,Transfer-Out,Transfer
2025-11-20 08:11:51,2025,11,Bank Islam,Rent,,Sewa Rumah Dis,670.0,Expense,Normal
2025-11-20 08:17:29,2025,11,Public Bank,Phone,Maxis,,83.2,Expense,Normal
2025-11-20 08:18:29,2025,11,Public Bank,Phone,Maxis,Mak,10.0,Expense,Normal
2025-11-20 11:16:14,2025,11,Bank Islam,Simpanan,Crypto,Rm 1 fee,51.0,Expense,Normal
2025-11-20 11:19:25,2025,11,Bank Islam,ASB,,,150.0,Transfer-Out,Transfer
2025-11-20 11:22:03,2025,11,Bank Islam,Hutang,PTPTN,,150.0,Expense,Normal
2025-11-20 12:33:58,2025,11,TnG +,Food,Eating out,,5.0,Expense,Normal
2025-11-20 12:48:52,2025,11,TnG +,Food,Lunch,,8.0,Expense,Normal
2025-11-20 17:13:18,2025,11,TnG +,Food,Dinner,,8.0,Expense,Normal
2025-11-21 06:42:16,2025,11,Bank Islam,Other,Shopee,,64.98,Expense,Normal
2025-11-21 08:25:37,2025,11,Bank Islam,Family,Kak Fara,Tiket Kapal,460.0,Expense,Normal
2025-11-21 14:27:41,2025,11,TnG +,Food,Lunch,,10.0,Expense,Normal
2025-11-21 19:31:31,2025,11,TnG +,Food,Dinner,,7.0,Expense,Normal
2025-11-22 13:09:47,2025,11,Bank Islam,Apparel,Baju,,49.9,Expense,Normal
2025-11-22 13:10:02,2025,11,Bank Islam,Apparel,Seluar,,50.2,Expense,Normal
2025-11-22 13:14:58,2025,11,Public Bank,Food,Lunch,,27.5,Expense,Normal
2025-11-22 13:55:45,2025,11,Bank Islam,Health,Toiletries,,88.4,Expense,Normal
2025-11-23 06:20:29,2025,11,Bank Islam,Health,Dobi,,14.0,Expense,Normal
2025-11-23 06:49:52,2025,11,TnG +,Health,Dobi,,7.0,Expense,Normal
2025-11-23 12:04:36,2025,11,Public Bank,Phone,Yoodo,,17.0,Expense,Normal
2025-11-24 11:25:27,2025,11,Cash,Food,Breakfast,,6.0,Expense,Normal
2025-11-24 13:13:10,2025,11,TnG +,Food,Lunch,,6.0,Expense,Normal
2025-11-24 18:29:55,2025,11,TnG +,Food,Dinner,,6.0,Expense,Normal
2025-11-24 18:30:28,2025,11,TnG +,Food,Beverages,,2.3,Expense,Normal
2025-11-25 15:23:28,2025,11,TnG +,Food,Lunch,,8.0,Expense,Normal
2025-11-25 16:52:01,2025,11,TnG +,Food,Dinner,,7.0,Expense,Normal
2025-11-26 13:03:18,2025,11,TnG +,Food,Lunch,,8.0,Expense,Normal
2025-11-26 18:18:40,2025,11,TnG +,Food,Dinner,,6.0,Expense,Normal
2025-11-27 12:53:40,2025,11,TnG +,Food,Lunch,,8.0,Expense,Normal
2025-11-27 17:13:03,2025,11,TnG +,Food,Dinner,,8.0,Expense,Normal
2025-11-27 17:39:19,2025,11,Bank Islam,Hutang,Other,Syaz,100.0,Expense,Normal
2025-11-28 14:04:03,2025,11,TnG +,Food,Lunch,,7.0,Expense,Normal
2025-11-28 18:20:43,2025,11,TnG +,Food,Dinner,,5.0,Expense,Normal
2025-11-28 18:21:26,2025,11,TnG +,Food,Beverages,,2.3,Expense,Normal
2025-11-28 22:45:08,2025,11,Bank Islam,Other,Shopee,,94.58,Expense,Normal
2025-11-29 11:30:03,2025,11,TnG +,Other,Other,Repair Kasut,80.0,Expense,Normal
2025-11-29 12:37:29,2025,11,TnG +,Food,Eating out,,26.0,Expense,Normal
2025-11-30 12:37:08,2025,11,TnG +,Food,Eating out,,15.25,Expense,Normal
2025-11-30 13:33:45,2025,11,Bank Islam,Food,Meal Prep,Chicken Filet,25.44,Expense,Normal
2025-11-30 13:34:05,2025,11,Bank Islam,Food,Groceries,,5.45,Expense,Normal
2025-12-01 13:04:35,2025,12,Cash,Food,Breakfast,,6.0,Expense,Normal
2025-12-01 13:04:51,2025,12,TnG +,Food,Lunch,,6.0,Expense,Normal
2025-12-02 13:08:50,2025,12,TnG +,Food,Lunch,,8.0,Expense,Normal
2025-12-02 16:22:48,2025,12,Cash,Food,Dinner,,7.0,Expense,Normal
2025-12-03 16:15:19,2025,12,Bank Islam,Other,Other,Aqil Konvo,14.9,Expense,Normal
2025-12-04 13:04:33,2025,12,TnG +,Food,Lunch,,8.0,Expense,Normal
2025-12-04 15:54:13,2025,12,TnG +,Food,Dinner,,7.0,Expense,Normal
2025-12-05 07:53:13,2025,12,Bank Islam,Other,,Fees,1.0,Expense,Normal
2025-12-05 07:53:13,2025,12,Bank Islam,Cash,,,50.0,Transfer-Out,Transfer
2025-12-05 07:53:20,2025,12,Cash,Food,Breakfast,,6.0,Expense,Normal
2025-12-05 07:54:05,2025,12,Bank Rakyat,Modified Bal.,,Difference,4.0,Income,Adjustment
2025-12-05 09:54:50,2025,12,ASB,Public Bank,,,100.0,Transfer-Out,Transfer
2025-12-05 14:03:29,2025,12,TnG +,Food,Lunch,,11.5,Expense,Normal
2025-12-06 17:28:46,2025,12,TnG +,Food,Dinner,,19.0,Expense,Normal
2025-12-07 13:43:27,2025,12,TnG +,Food,Meal Prep,Chicken Filet,16.6,Expense,Normal
2025-12-08 12:34:54,2025,12,TnG +,Food,Lunch,,8.0,Expense,Normal
2025-12-08 18:00:14,2025,12,TnG +,Food,Beverages,,3.0,Expense,Normal
2025-12-09 13:07:29,2025,12,TnG +,Food,Lunch,,8.0,Expense,Normal
2025-12-09 16:10:07,2025,12,TnG +,Food,Dinner,,7.0,Expense,Normal
2025-12-10 12:58:31,2025,12,TnG +,Food,Lunch,,10.0,Expense,Normal
2025-12-11 16:58:52,2025,12,TnG +,Food,Dinner,,8.0,Expense,Normal
2025-12-11 19:46:35,2025,12,Public Bank,Bank Islam,,,100.0,Transfer-Out,Transfer
2025-12-11 20:11:04,2025,12,Bank Islam,Other,Other,Final FA,59.19,Expense,Normal
2025-12-12 12:13:12,2025,12,Cash,Food,Lunch,,6.0,Expense,Normal
2025-12-12 12:13:19,2025,12,Cash,Food,Lunch,,11.5,Expense,Normal
2025-12-12 18:38:51,2025,12,TnG +,Food,Dinner,,7.0,Expense,Normal
2025-12-12 18:40:49,2025,12,TnG +,Food,Beverages,,2.3,Expense,Normal
2025-12-12 19:42:49,2025,12,TnG +,Food,Fruits,,15.0,Expense,Normal
2025-12-12 20:48:27,2025,12,Bank Islam,Public Bank,,,25.0,Transfer-Out,Transfer
2025-12-12 20:49:40,2025,12,Public Bank,Game,Gamepass,,25.0,Expense,Normal
2025-12-14 13:33:05,2025,12,TnG +,Food,Eating out,,16.0,Expense,Normal
2025-12-14 18:54:49,2025,12,TnG +,Other,Other,,25.0,Expense,Normal
2025-12-14 23:08:42,2025,12,Cash,Food,Beverages,,3.0,Expense,Normal
2025-12-15 18:45:13,2025,12,TnG +,Food,Dinner,,7.0,Expense,Normal
2025-12-17 12:51:58,2025,12,TnG +,Food,Lunch,,8.0,Expense,Normal
2025-12-17 18:31:09,2025,12,TnG +,Food,Dinner,,6.0,Expense,Normal
2025-12-17 18:31:52,2025,12,TnG +,Food,Beverages,,2.3,Expense,Normal
2025-12-17 21:59:09,2025,12,Bank Islam,TnG +,,,120.0,Transfer-Out,Transfer
2025-12-17 22:01:32,2025,12,TnG +,Transport,MyPass50,,50.0,Expense,Normal
2025-12-18 06:29:13,2025,12,Bank Islam,Salary,,Difference,2976.25,Income,Normal
2025-12-18 08:10:37,2025,12,Bank Islam,TnG +,,Makanan Januari,500.0,Transfer-Out,Transfer
2025-12-18 08:12:16,2025,12,Bank Islam,Rent,,Sewa Rumah Jan 2026,670.0,Expense,Normal
2025-12-18 08:14:25,2025,12,Bank Islam,Hutang,PTPTN,,100.0,Expense,Normal
2025-12-18 08:18:32,2025,12,Bank Islam,ASB,,,100.0,Transfer-Out,Transfer
2025-12-18 08:29:46,2025,12,TnG +,Food,Breakfast,,20.8,Expense,Normal
2025-12-18 12:30:18,2025,12,Bank Islam,Other,,Fees,1.0,Expense,Normal
2025-12-18 12:30:18,2025,12,Bank Islam,Cash,,,100.0,Transfer-Out,Transfer
2025-12-18 12:53:25,2025,12,Cash,Food,Lunch,,8.0,Expense,Normal
2025-12-18 17:01:39,2025,12,TnG +,Food,Dinner,,7.0,Expense,Normal
2025-12-19 10:09:40,2025,12,TnG +,Food,Beverages,,2.5,Expense,Normal
2025-12-19 10:10:01,2025,12,Cash,Food,Breakfast,,6.0,Expense,Normal
2025-12-19 14:14:02,2025,12,TnG +,Food,Lunch,,6.5,Expense,Normal
2025-12-19 17:22:28,2025,12,TnG +,Food,Dinner,,9.0,Expense,Normal
2025-12-20 08:30:54,2025,12,Bank Islam,Simpanan,Crypto,Rm 1 fee,51.0,Expense,Normal
2025-12-20 11:21:57,2025,12,Cash,Transport,Train,,5.0,Expense,Normal
2025-12-20 13:21:19,2025,12,Bank Islam,Other,Other,Spek Mata,65.0,Expense,Normal
2025-12-20 14:34:52,2025,12,TnG +,Food,Eating out,,32.2,Expense,Normal
2025-12-20 16:12:46,2025,12,Bank Islam,Food,Groceries,,18.4,Expense,Normal
2025-12-20 16:39:23,2025,12,Public Bank,Phone,Yoodo,,1.0,Expense,Normal
2025-12-20 17:24:08,2025,12,Cash,Other,Other,Gambar RR,10.0,Expense,Normal
2025-12-20 17:47:45,2025,12,Bank Islam,Health,Toiletries,,74.4,Expense,Normal
2025-12-20 17:52:32,2025,12,Bank Islam,Food,Beverages,,15.5,Expense,Normal
2025-12-21 11:44:37,2025,12,Bank Islam,Transport,Flight,,249.52,Expense,Normal
2025-12-21 12:45:31,2025,12,TnG +,Food,Eating out,,25.5,Expense,Normal
2025-12-22 20:16:28,2025,12,TnG +,Modified Bal.,,Difference,1.06,Income,Adjustment
2025-12-23 14:02:19,2025,12,Cash,Food,Lunch,,11.5,Expense,Normal
2025-12-23 21:52:26,2025,12,Bank Islam,Public Bank,,,50.0,Transfer-Out,Transfer
2025-12-23 21:52:35,2025,12,Cash,Food,Dinner,,8.0,Expense,Normal
2025-12-23 22:14:05,2025,12,Public Bank,Phone,Yoodo,,25.0,Expense,Normal
2025-12-24 12:06:41,2025,12,TnG +,Food,Eating out,,24.05,Expense,Normal
2025-12-24 14:19:59,2025,12,TnG +,Food,Beverages,,3.15,Expense,Normal
2025-12-24 18:36:09,2025,12,TnG +,Food,Dinner,,9.0,Expense,Normal
2025-12-24 18:36:38,2025,12,TnG +,Food,Beverages,,2.3,Expense,Normal
2025-12-25 17:39:26,2025,12,TnG +,Other,Movies,,41.0,Expense,Normal
2025-12-25 20:33:26,2025,12,Bank Islam,Health,Toiletries,,33.8,Expense,Normal
2025-12-25 21:11:27,2025,12,TnG +,Food,Eating out,,27.5,Expense,Normal
2025-12-26 10:36:39,2025,12,Cash,Food,Breakfast,,6.0,Expense,Normal
2025-12-26 10:36:47,2025,12,Cash,Food,Lunch,,6.0,Expense,Normal
2025-12-26 13:13:13,2025,12,Bank Islam,Other,,Syaz Hutang 100,100.0,Income,Normal
2025-12-26 13:14:21,2025,12,Bank Islam,Modified Bal.,,Difference,68.4,Expense,Adjustment
2025-12-26 19:04:34,2025,12,TnG +,Food,Beverages,,3.0,Expense,Normal
2025-12-28 18:23:24,2025,12,Bank Islam,Food,Eating out,,55.5,Expense,Normal
2025-12-29 13:14:22,2025,12,TnG +,Modified Bal.,,Difference,41.27,Income,Adjustment
2025-12-29 13:16:16,2025,12,TnG +,Food,Lunch,,8.0,Expense,Normal
2025-12-29 18:51:25,2025,12,TnG +,Food,Dinner,,9.0,Expense,Normal
2025-12-29 18:51:33,2025,12,TnG +,Food,Beverages,,2.3,Expense,Normal
2025-12-30 14:04:13,2025,12,Bank Islam,Phone,Maxis,Mak,10.0,Expense,Normal
2025-12-30 14:04:34,2025,12,TnG +,Food,Lunch,,6.0,Expense,Normal
2025-12-30 17:46:50,2025,12,TnG +,Food,Dinner,,8.0,Expense,Normal
2026-01-01 09:53:41,2026,1,ASB,Other,,Bonus ASB,11.01,Income,Normal
2026-01-01 18:11:48,2026,1,TnG +,Food,Eating out,,27.0,Expense,Normal
2026-01-01 18:58:45,2026,1,Cash,Food,Groceries,,4.75,Expense,Normal
2026-01-02 18:09:51,2026,1,Cash,Food,Lunch,,8.0,Expense,Normal
2026-01-02 18:20:18,2026,1,TnG +,Food,Fruits,,5.0,Expense,Normal
2026-01-02 18:23:25,2026,1,TnG +,Food,Dinner,,11.0,Expense,Normal
2026-01-03 09:26:51,2026,1,Public Bank,Allowance,,,100.0,Income,Normal
2026-01-03 13:40:22,2026,1,TnG +,Food,Beverages,,6.15,Expense,Normal
2026-01-03 13:56:49,2026,1,TnG +,Food,Eating out,,72.0,Expense,Normal
2026-01-03 19:15:34,2026,1,Public Bank,Food,Eating out,,30.0,Expense,Normal
2026-01-03 19:15:34,2026,1,Public Bank,Food,Lunch,,12.3,Expense,Normal
2026-01-04 06:37:39,2026,1,TnG +,Health,Dobi,,19.0,Expense,Normal
2026-01-04 09:26:41,2026,1,Public Bank,Bank Islam,,,70.0,Transfer-Out,Transfer
2026-01-04 11:48:02,2026,1,TnG +,Other,Other,,53.8,Expense,Normal
2026-01-04 12:15:50,2026,1,TnG +,Other,Books,,79.9,Expense,Normal
2026-01-04 12:35:42,2026,1,TnG +,Health,Toiletries,,42.25,Expense,Normal
2026-01-04 13:12:34,2026,1,TnG +,Food,Eating out,,28.4,Expense,Normal
2026-01-04 14:19:01,2026,1,TnG +,Food,Groceries,,3.9,Expense,Normal
2026-01-04 14:19:28,2026,1,TnG +,Modified Bal.,,Difference,30.21,Income,Adjustment
2026-01-04 14:34:07,2026,1,Bank Islam,TnG +,,,200.0,Transfer-Out,Transfer
2026-01-05 09:31:08,2026,1,Bank Islam,Allowance,,,100.0,Income,Normal
2026-01-05 13:26:37,2026,1,TnG +,Food,Lunch,,8.0,Expense,Normal
2026-01-05 14:24:34,2026,1,Bank Islam,Other,Shopee,,93.34,Expense,Normal
2026-01-05 18:41:19,2026,1,TnG +,Food,Dinner,,9.0,Expense,Normal
2026-01-06 17:06:25,2026,1,TnG +,Food,Lunch,,8.0,Expense,Normal
2026-01-06 17:08:11,2026,1,TnG +,Food,Dinner,,8.0,Expense,Normal
2026-01-06 20:27:11,2026,1,Bank Islam,Maybank,,,50.0,Transfer-Out,Transfer
2026-01-07 18:27:05,2026,1,TnG +,Food,Dinner,,8.0,Expense,Normal
2026-01-08 08:21:46,2026,1,Bank Islam,Other,,Fees,1.0,Expense,Normal
2026-01-08 08:21:46,2026,1,Bank Islam,Cash,,,100.0,Transfer-Out,Transfer
2026-01-08 13:24:04,2026,1,TnG +,Food,Lunch,,8.0,Expense,Normal
2026-01-09 06:48:10,2026,1,Bank Islam,Public Bank,,,25.0,Transfer-Out,Transfer
2026-01-09 06:48:21,2026,1,Public Bank,Game,Gamepass,,25.0,Expense,Normal
2026-01-09 14:10:29,2026,1,TnG +,Food,Lunch,,8.0,Expense,Normal
2026-01-09 14:10:38,2026,1,Cash,Food,Breakfast,,6.0,Expense,Normal
2026-01-09 18:41:17,2026,1,Cash,Food,Dinner,,9.0,Expense,Normal
2026-01-09 18:41:51,2026,1,TnG +,Food,Beverages,,2.3,Expense,Normal
2026-01-10 10:50:42,2026,1,Cash,Modified Bal.,,Difference,103.7,Expense,Adjustment
2026-01-10 13:30:58,2026,1,Bank Islam,Food,Groceries,,87.25,Expense,Normal
2026-01-11 17:35:28,2026,1,Cash,Food,Eating out,,27.0,Expense,Normal
2026-01-12 12:59:52,2026,1,TnG +,Food,Lunch,,8.0,Expense,Normal
2026-01-12 19:22:06,2026,1,TnG +,Food,Fruits,,10.0,Expense,Normal
2026-01-13 13:07:53,2026,1,TnG +,Food,Lunch,,8.0,Expense,Normal
2026-01-13 18:02:46,2026,1,TnG +,Food,Dinner,,8.0,Expense,Normal
2026-01-14 13:12:57,2026,1,TnG +,Food,Lunch,,8.0,Expense,Normal
2026-01-14 18:34:46,2026,1,TnG +,Food,Dinner,,9.0,Expense,Normal
2026-01-14 18:36:15,2026,1,TnG +,Food,Beverages,,2.3,Expense,Normal
2026-01-15 06:30:30,2026,1,TnG +,Transport,MyPass50,,50.0,Expense,Normal
2026-01-15 16:51:01,2026,1,Cash,Food,Breakfast,,6.0,Expense,Normal
2026-01-15 17:44:12,2026,1,TnG +,Food,Dinner,,8.0,Expense,Normal
2026-01-15 20:17:03,2026,1,TnG +,Phone,Maxis,,5.0,Expense,Normal
2026-01-16 11:32:03,2026,1,Bank Islam,Other,Shopee,,119.81,Expense,Normal
2026-01-16 12:11:41,2026,1,TnG +,Food,Lunch,,8.0,Expense,Normal
2026-01-16 14:39:59,2026,1,TnG +,Food,Eating out,,10.5,Expense,Normal
2026-01-16 18:37:20,2026,1,TnG +,Food,Dinner,,9.0,Expense,Normal
2026-01-16 18:41:42,2026,1,TnG +,Food,Beverages,,2.3,Expense,Normal
2026-01-17 13:48:05,2026,1,TnG +,Food,Eating out,,25.9,Expense,Normal
2026-01-17 15:42:49,2026,1,TnG +,Other,Other,,40.0,Expense,Normal
2026-01-17 16:26:14,2026,1,TnG +,Food,Beverages,,7.2,Expense,Normal
2026-01-17 20:09:42,2026,1,Bank Islam,Other,Other,,50.0,Expense,Normal
2026-01-17 23:04:49,2026,1,Cash,Transport,Grabcar,,6.0,Expense,Normal
2026-01-18 07:14:14,2026,1,Bank Islam,Other,Other,,50.0,Expense,Normal
2026-01-18 07:53:28,2026,1,Bank Islam,Public Bank,,,50.0,Transfer-Out,Transfer
2026-01-18 07:53:34,2026,1,Public Bank,Transport,Grabcar,,17.0,Expense,Normal
2026-01-18 09:35:02,2026,1,TnG +,Food,Breakfast,,9.3,Expense,Normal
2026-01-18 11:39:23,2026,1,Bank Islam,Health,Toiletries,,25.05,Expense,Normal
2026-01-18 13:41:34,2026,1,TnG +,Food,Lunch,,10.0,Expense,Normal
2026-01-18 13:41:56,2026,1,TnG +,Modified Bal.,,Difference,18.23,Expense,Adjustment
2026-01-18 17:09:57,2026,1,Bank Islam,Food,Groceries,,16.4,Expense,Normal
2026-01-18 17:17:22,2026,1,Bank Islam,Food,Eating out,,23.0,Expense,Normal
2026-01-19 18:42:13,2026,1,Bank Islam,TnG +,,,50.0,Transfer-Out,Transfer
2026-01-19 18:51:50,2026,1,TnG +,Food,Dinner,,9.0,Expense,Normal
2026-01-20 13:35:42,2026,1,TnG +,Food,Lunch,,8.0,Expense,Normal
2026-01-20 20:06:39,2026,1,TnG +,Food,Eating out,,18.8,Expense,Normal
2026-01-20 20:48:08,2026,1,Bank Islam,Food,Beverages,,10.0,Expense,Normal
2026-01-20 22:00:27,2026,1,Public Bank,Modified Bal.,,Difference,43.17,Expense,Adjustment
2026-01-21 08:52:40,2026,1,Cash,Food,Breakfast,,5.0,Expense,Normal
2026-01-21 12:54:03,2026,1,TnG +,Food,Lunch,,8.0,Expense,Normal
2026-01-21 18:58:19,2026,1,TnG +,Food,Dinner,,9.0,Expense,Normal
2026-01-22 03:37:19,2026,1,Bank Islam,Salary,,,3174.35,Income,Normal
2026-01-22 06:35:30,2026,1,Bank Islam,TnG +,,,600.0,Transfer-Out,Transfer
2026-01-22 06:35:44,2026,1,Bank Islam,Family,Mak,,250.0,Expense,Normal
2026-01-22 06:35:50,2026,1,Bank Islam,Kak Ani,,,100.0,Expense,Normal
2026-01-22 07:37:04,2026,1,Bank Islam,Hutang,PTPTN,,100.0,Expense,Normal
2026-01-22 07:39:40,2026,1,Bank Islam,Simpanan,ASB,,200.0,Expense,Normal
2026-01-22 07:45:51,2026,1,Bank Islam,Rent,,Sewa Rumah 2026 Feb,670.0,Expense,Normal
2026-01-22 08:16:14,2026,1,Bank Islam,Simpanan,Crypto,,100.0,Expense,Normal
2026-01-22 09:25:20,2026,1,Bank Islam,Other,Other,Kak Fara,100.0,Expense,Normal
2026-01-22 12:59:03,2026,1,TnG +,Food,Lunch,,8.0,Expense,Normal
2026-01-22 16:36:33,2026,1,Public Bank,Modified Bal.,,Difference,2.05,Income,Adjustment
2026-01-22 16:45:23,2026,1,TnG +,Food,Dinner,,8.0,Expense,Normal
2026-01-23 06:30:55,2026,1,Bank Islam,Public Bank,,,25.0,Transfer-Out,Transfer
2026-01-23 06:31:01,2026,1,Public Bank,Phone,Yoodo,,25.0,Expense,Normal
2026-01-23 07:42:10,2026,1,Cash,Food,Breakfast,,6.0,Expense,Normal
2026-01-23 12:26:24,2026,1,TnG +,Food,Lunch,,14.0,Expense,Normal
2026-01-23 12:53:18,2026,1,Cash,Other,Other,,2.0,Expense,Normal
2026-01-23 19:17:31,2026,1,Bank Islam,Family,Mak,Tiket Kapal,80.0,Expense,Normal
2026-01-24 12:21:33,2026,1,TnG +,Health,Medical Checkup,,45.0,Expense,Normal
2026-01-24 13:09:39,2026,1,TnG +,Food,Eating out,,26.9,Expense,Normal
2026-01-24 14:09:55,2026,1,Bank Islam,Health,Toiletries,,82.65,Expense,Normal
2026-01-24 15:17:40,2026,1,TnG +,Health,Toiletries,,35.75,Expense,Normal
2026-01-24 15:25:11,2026,1,Cash,Other,Other,,2.0,Expense,Normal
2026-01-25 18:15:17,2026,1,TnG +,Food,Eating out,,24.8,Expense,Normal
2026-01-25 18:26:32,2026,1,Bank Islam,Food,Groceries,,16.4,Expense,Normal
2026-01-26 13:28:43,2026,1,TnG +,Food,Lunch,,8.0,Expense,Normal
2026-01-26 16:55:12,2026,1,TnG +,Food,Dinner,,7.0,Expense,Normal
2026-01-27 10:35:56,2026,1,Cash,Food,Groceries,,16.3,Expense,Normal
2026-01-28 17:51:49,2026,1,Cash,Food,Dinner,,15.0,Expense,Normal
2026-01-28 18:23:35,2026,1,Bank Islam,Food,Groceries,,17.05,Expense,Normal
2026-01-29 16:50:49,2026,1,TnG +,Other,Other,Bday Ramizah,50.0,Expense,Normal
2026-01-30 11:32:31,2026,1,Bank Islam,Public Bank,,,25.0,Transfer-Out,Transfer
2026-01-30 11:32:37,2026,1,Public Bank,Food,Lunch,,17.5,Expense,Normal
2026-01-30 17:20:38,2026,1,TnG +,Food,Fruits,,10.0,Expense,Normal
2026-01-30 17:21:34,2026,1,TnG +,Food,Dinner,,6.0,Expense,Normal
2026-01-30 17:23:34,2026,1,Bank Islam,Other,Other,,5.0,Expense,Normal
2026-01-30 17:26:53,2026,1,TnG +,Food,Groceries,,4.0,Expense,Normal
2026-01-31 14:20:38,2026,1,Public Bank,Modified Bal.,,Difference,1.99,Income,Adjustment
2026-01-31 14:21:08,2026,1,Bank Islam,Modified Bal.,,Difference,159.9,Expense,Adjustment
2026-01-31 14:21:35,2026,1,TnG +,Modified Bal.,,Difference,13.16,Income,Adjustment
2026-01-31 17:55:15,2026,1,TnG +,Food,Eating out,,19.0,Expense,Normal
2026-02-01 19:08:37,2026,2,TnG +,Food,Eating out,,6.7,Expense,Normal
2026-02-01 20:16:41,2026,2,TnG +,Food,Eating out,,18.1,Expense,Normal
2026-02-03 17:37:50,2026,2,TnG +,Food,Lunch,,8.0,Expense,Normal
2026-02-03 17:38:14,2026,2,TnG +,Food,Dinner,,8.0,Expense,Normal
2026-02-04 07:48:10,2026,2,TnG +,Food,Breakfast,,7.8,Expense,Normal
2026-02-04 18:16:59,2026,2,TnG +,Food,Dinner,,8.0,Expense,Normal
2026-02-05 13:15:27,2026,2,TnG +,Food,Lunch,,6.0,Expense,Normal
2026-02-06 06:43:12,2026,2,Bank Islam,Modified Bal.,,Difference,10.0,Income,Adjustment
2026-02-06 17:56:59,2026,2,TnG +,Food,Beverages,,3.0,Expense,Normal
2026-02-06 17:57:04,2026,2,TnG +,Food,Lunch,,8.0,Expense,Normal
2026-02-06 18:03:32,2026,2,TnG +,Food,Dinner,,6.0,Expense,Normal
2026-02-07 14:22:50,2026,2,TnG +,Food,Eating out,,29.9,Expense,Normal
2026-02-07 16:49:13,2026,2,Bank Islam,Other,Other,Kitchen Scale,42.9,Expense,Normal
2026-02-07 17:38:20,2026,2,Bank Islam,Food,Groceries,,46.5,Expense,Normal
2026-02-07 17:49:41,2026,2,Bank Islam,Health,Toiletries,,17.9,Expense,Normal
2026-02-07 18:34:22,2026,2,Bank Islam,Food,Groceries,,26.5,Expense,Normal
2026-02-09 13:02:46,2026,2,Cash,Food,Breakfast,,6.0,Expense,Normal
2026-02-09 13:40:18,2026,2,TnG +,Food,Lunch,,8.0,Expense,Normal
2026-02-09 17:35:23,2026,2,TnG +,Transport,Grabcar,,1.8,Expense,Normal
2026-02-09 18:44:31,2026,2,TnG +,Food,Dinner,,9.0,Expense,Normal
2026-02-09 18:45:40,2026,2,TnG +,Food,Beverages,,2.3,Expense,Normal
2026-02-10 12:48:18,2026,2,TnG +,Food,Lunch,,8.0,Expense,Normal
2026-02-11 07:42:23,2026,2,Cash,Food,Breakfast,,7.0,Expense,Normal
2026-02-11 12:54:13,2026,2,TnG +,Food,Lunch,,8.0,Expense,Normal
2026-02-11 18:47:32,2026,2,TnG +,Food,Dinner,,9.0,Expense,Normal
2026-02-12 05:53:54,2026,2,Bank Islam,Salary,,,3128.15,Income,Normal
2026-02-12 07:39:32,2026,2,Bank Islam,Family,Mak,,350.0,Expense,Normal
2026-02-12 07:39:42,2026,2,Bank Islam,Kak Ani,,,100.0,Expense,Normal
2026-02-12 08:09:34,2026,2,Bank Islam,TnG +,,,550.0,Transfer-Out,Transfer
2026-02-12 08:10:02,2026,2,TnG +,Modified Bal.,,Difference,0.28,Income,Adjustment
2026-02-12 09:16:04,2026,2,Bank Islam,ASB,,,300.0,Transfer-Out,Transfer
2026-02-12 09:19:54,2026,2,Bank Islam,Miga,,,150.0,Transfer-Out,Transfer
2026-02-12 09:33:24,2026,2,Bank Islam,Hutang,PTPTN,,120.0,Expense,Normal
2026-02-12 13:00:30,2026,2,TnG +,Food,Lunch,,8.0,Expense,Normal
2026-02-13 10:21:46,2026,2,Bank Islam,Family,Kak Fara,,100.0,Expense,Normal
2026-02-13 12:23:49,2026,2,TnG +,Other,Other,,5.0,Expense,Normal
2026-02-13 17:29:49,2026,2,TnG +,Transport,Grabcar,,1.8,Expense,Normal
2026-02-14 11:12:10,2026,2,Bank Islam,Rent,,Sewa Rumah 2026 Mac,670.0,Expense,Normal
2026-02-14 11:12:28,2026,2,TnG +,Transport,MyPass50,,50.0,Expense,Normal
2026-02-14 12:38:52,2026,2,Bank Islam,Apparel,Baju,,245.0,Expense,Normal
2026-02-14 14:43:52,2026,2,Bank Islam,Apparel,Baju,Baju Raya,215.0,Expense,Normal
2026-02-14 15:52:54,2026,2,TnG +,Health,Toiletries,,15.6,Expense,Normal
2026-02-14 15:57:50,2026,2,TnG +,Food,Eating out,,19.0,Expense,Normal
2026-02-15 09:34:23,2026,2,TnG +,Food,Breakfast,,3.0,Expense,Normal
2026-02-15 09:41:56,2026,2,TnG +,Food,Beverages,,2.5,Expense,Normal
2026-02-16 09:47:48,2026,2,Cash,Food,Breakfast,,7.0,Expense,Normal
2026-02-16 10:28:12,2026,2,Bank Islam,Modified Bal.,,Difference,100.0,Expense,Adjustment
2026-02-16 12:46:56,2026,2,TnG +,Food,Eating out,,3.8,Expense,Normal
2026-02-16 12:51:37,2026,2,TnG +,Food,Lunch,,11.5,Expense,Normal
2026-02-16 19:26:22,2026,2,TnG +,Food,Beverages,,5.0,Expense,Normal
2026-02-17 14:37:26,2026,2,TnG +,Food,Eating out,,21.9,Expense,Normal
2026-02-17 16:05:17,2026,2,Bank Islam,Health,Gym,,118.0,Expense,Normal
2026-02-17 16:51:01,2026,2,TnG +,Food,Iftar,,102.45,Expense,Normal
2026-02-18 18:31:45,2026,2,Bank Islam,Health,Toiletries,,62.55,Expense,Normal
2026-02-18 18:39:01,2026,2,TnG +,Food,Eating out,,29.15,Expense,Normal
2026-02-18 19:12:12,2026,2,TnG +,Food,Iftar,,18.5,Expense,Normal
2026-02-19 13:07:31,2026,2,Bank Islam,Modified Bal.,,Difference,100.0,Income,Adjustment
2026-02-20 12:25:44,2026,2,Bank Islam,Other,Other,,5.0,Expense,Normal
2026-02-22 18:04:19,2026,2,Bank Islam,Public Bank,,,50.0,Transfer-Out,Transfer
2026-02-22 18:05:33,2026,2,Public Bank,Phone,Yoodo,,25.0,Expense,Normal
2026-02-22 18:15:22,2026,2,TnG +,Food,Iftar,,13.0,Expense,Normal
2026-02-23 17:40:26,2026,2,TnG +,Food,Iftar,,6.0,Expense,Normal
2026-02-23 17:44:11,2026,2,TnG +,Food,Iftar,,6.0,Expense,Normal
2026-02-24 09:35:28,2026,2,Bank Islam,Other,Shopee,,66.07,Expense,Normal
2026-02-24 16:51:16,2026,2,TnG +,Food,Iftar,,8.0,Expense,Normal
2026-02-25 16:54:11,2026,2,TnG +,Food,Iftar,,6.0,Expense,Normal
2026-02-26 17:55:56,2026,2,TnG +,Other,Other,,5.0,Expense,Normal
2026-02-26 18:06:01,2026,2,TnG +,Food,Iftar,,6.0,Expense,Normal
2026-02-26 18:08:53,2026,2,TnG +,Food,Iftar,,8.0,Expense,Normal
2026-02-27 12:43:04,2026,2,TnG +,Other,Other,,5.0,Expense,Normal
2026-02-27 14:33:29,2026,2,TnG +,Game,Steam,RE Requiem,188.14,Expense,Normal
2026-02-27 17:41:32,2026,2,TnG +,Food,Iftar,,8.0,Expense,Normal
2026-02-27 17:43:20,2026,2,TnG +,Food,Iftar,,9.0,Expense,Normal
2026-02-27 17:53:20,2026,2,TnG +,Food,Iftar,,29.25,Expense,Normal
2026-03-01 18:03:51,2026,3,Bank Islam,Food,Iftar,,43.2,Expense,Normal
2026-03-01 18:30:09,2026,3,Bank Islam,Health,Medicine,,9.75,Expense,Normal
2026-03-01 18:30:18,2026,3,Bank Islam,Health,Toiletries,,45.5,Expense,Normal
2026-03-03 17:04:54,2026,3,TnG +,Food,Iftar,,8.0,Expense,Normal
2026-03-04 17:12:45,2026,3,TnG +,Food,Iftar,,6.0,Expense,Normal
2026-03-04 17:14:09,2026,3,TnG +,Food,Iftar,,8.0,Expense,Normal
2026-03-05 18:25:40,2026,3,TnG +,Food,Iftar,,5.0,Expense,Normal
2026-03-05 18:27:45,2026,3,TnG +,Food,Iftar,,8.0,Expense,Normal
2026-03-05 19:24:37,2026,3,Bank Islam,Food,Iftar,,69.38,Expense,Normal
2026-03-06 12:33:16,2026,3,TnG +,Other,Other,,5.0,Expense,Normal
2026-03-07 07:13:20,2026,3,Bank Islam,Game,Azurlane,,37.99,Expense,Normal
2026-03-07 10:13:35,2026,3,Bank Islam,Transport,Train,,10.0,Expense,Normal
2026-03-07 11:20:59,2026,3,Bank Islam,Health,Gunting Rambut,,35.0,Expense,Normal
2026-03-08 17:40:19,2026,3,TnG +,Food,Iftar,,14.0,Expense,Normal
2026-03-08 17:40:41,2026,3,TnG +,Food,Iftar,,10.85,Expense,Normal
2026-03-09 17:06:06,2026,3,TnG +,Food,Iftar,,6.0,Expense,Normal
2026-03-11 16:49:26,2026,3,TnG +,Food,Iftar,,6.0,Expense,Normal
2026-03-12 21:59:39,2026,3,Bank Islam,Other,Other,,10.0,Expense,Normal
2026-03-13 06:43:58,2026,3,Bank Islam,Allowance,,,3628.15,Income,Normal
2026-03-13 06:46:17,2026,3,Bank Islam,Family,Mak,,450.0,Expense,Normal
2026-03-13 06:46:23,2026,3,Bank Islam,Family,Kak Ani,,100.0,Expense,Normal
2026-03-13 06:46:27,2026,3,Bank Islam,Family,Kak Fara,,100.0,Expense,Normal
2026-03-13 06:50:07,2026,3,Bank Islam,TnG +,,,200.78,Transfer-Out,Transfer
2026-03-13 06:50:58,2026,3,Bank Islam,Modified Bal.,,Difference,0.78,Income,Adjustment
2026-03-13 07:44:39,2026,3,ASB,Modified Bal.,,Difference,350.0,Income,Adjustment
2026-03-13 07:46:05,2026,3,Bank Islam,Hutang,PTPTN,,120.0,Expense,Normal
2026-03-13 07:46:46,2026,3,Bank Islam,Modified Bal.,,Difference,150.0,Expense,Adjustment
2026-03-13 14:09:53,2026,3,Bank Islam,Other,Other,,10.0,Expense,Normal
2026-03-13 17:17:29,2026,3,TnG +,Food,Iftar,,12.0,Expense,Normal
2026-03-13 17:21:17,2026,3,TnG +,Food,Iftar,,7.0,Expense,Normal
2026-03-13 21:55:55,2026,3,Bank Islam,Other,Other,,5.0,Expense,Normal
2026-03-14 12:44:26,2026,3,Bank Islam,Apparel,Baju,,49.9,Expense,Normal
2026-03-14 13:41:38,2026,3,Bank Islam,Apparel,Other,Seluar Dalam,71.8,Expense,Normal
2026-03-14 14:03:26,2026,3,Bank Islam,Phone,Maxis,,10.6,Expense,Normal
2026-03-14 14:04:14,2026,3,Bank Islam,Modified Bal.,,Difference,30.05,Expense,Adjustment
2026-03-14 17:20:39,2026,3,Bank Islam,Rent,,Sewa Rumah 2026 April,670.0,Expense,Normal
2026-03-14 22:40:42,2026,3,Bank Islam,Other,Shopee,,22.4,Expense,Normal
2026-03-14 23:46:12,2026,3,Bank Islam,Other,Other,HelloTalk 1 year Subscription,134.95,Expense,Normal
2026-03-15 22:01:28,2026,3,TnG +,Other,Other,Zakat,8.0,Expense,Normal
2026-03-15 22:22:31,2026,3,TnG +,Food,Iftar,,4.0,Expense,Normal
2026-03-16 16:59:46,2026,3,Bank Islam,Modified Bal.,,Difference,249.89,Income,Adjustment
2026-03-16 21:57:45,2026,3,Bank Islam,Other,Other,,15.0,Expense,Normal
2026-03-18 21:46:28,2026,3,Bank Islam,Other,Other,,10.0,Expense,Normal
2026-03-19 09:05:53,2026,3,TnG +,Health,Dobi,,17.0,Expense,Normal
2026-03-19 21:27:31,2026,3,TnG +,Food,Iftar,,27.5,Expense,Normal
2026-03-21 08:35:15,2026,3,TnG +,Other,Other,,5.0,Expense,Normal
2026-03-21 08:57:59,2026,3,TnG +,Modified Bal.,,Difference,28.95,Income,Adjustment
2026-03-21 12:08:38,2026,3,Bank Islam,Public Bank,,Difference,85.0,Transfer-Out,Transfer
2026-03-21 12:41:20,2026,3,Public Bank,Modified Bal.,,Difference,118.0,Expense,Adjustment
2026-03-21 12:48:20,2026,3,Bank Islam,Modified Bal.,,Difference,40.0,Income,Adjustment
2026-03-22 08:49:14,2026,3,Bank Islam,Public Bank,,,50.0,Transfer-Out,Transfer
2026-03-22 08:55:35,2026,3,Public Bank,Game,Arknight,,22.99,Expense,Normal
2026-03-22 11:58:16,2026,3,TnG +,Game,Honkai Star Rail,,19.9,Expense,Normal
2026-03-22 13:40:01,2026,3,Bank Islam,Family,Kak Fara,,50.0,Expense,Normal
2026-03-23 09:03:49,2026,3,TnG +,Food,Breakfast,,33.0,Expense,Normal
2026-03-23 10:15:34,2026,3,Bank Islam,Family,Mak,,85.0,Expense,Normal
2026-03-23 15:33:18,2026,3,Bank Islam,Other,,Fees,1.0,Expense,Normal
2026-03-23 15:33:18,2026,3,Bank Islam,Cash,,,100.0,Transfer-Out,Transfer
2026-03-24 10:39:59,2026,3,Bank Islam,Health,Medical Checkup,,120.0,Expense,Normal
2026-03-24 10:40:07,2026,3,Cash,Allowance,,,50.0,Income,Normal
2026-03-24 17:06:01,2026,3,Public Bank,Modified Bal.,,Difference,22.0,Income,Adjustment
2026-03-24 18:16:05,2026,3,Public Bank,Phone,Yoodo,,25.0,Expense,Normal
2026-03-27 11:50:08,2026,3,Bank Islam,Public Bank,,,100.0,Transfer-Out,Transfer
2026-03-27 11:51:15,2026,3,Public Bank,Food,Lunch,,26.1,Expense,Normal
2026-03-27 11:57:34,2026,3,Public Bank,Food,Lunch,,39.9,Expense,Normal
2026-03-28 10:10:00,2026,3,Cash,Other,Other,Sepilok,45.0,Expense,Normal
2026-03-29 12:07:32,2026,3,Bank Islam,Food,Lunch,,51.95,Expense,Normal
2026-03-29 12:07:47,2026,3,Cash,Allowance,,,10.0,Income,Normal
2026-03-30 15:30:31,2026,3,Bank Islam,Other,Other,Bagasi,46.3,Expense,Normal
2026-03-30 19:55:29,2026,3,Cash,Allowance,,,50.0,Income,Normal
2026-03-30 20:04:52,2026,3,Bank Islam,Food,Eating out,,86.3,Expense,Normal
2026-03-30 21:10:38,2026,3,Bank Islam,Modified Bal.,,Difference,30.0,Income,Adjustment
2026-03-30 21:10:41,2026,3,Cash,Transport,Minyak,,29.85,Expense,Normal
2026-04-01 12:42:46,2026,4,TnG +,Food,Eating out,,18.1,Expense,Normal
2026-04-01 20:01:58,2026,4,Cash,Other,Other,,20.0,Expense,Normal
2026-04-02 19:53:18,2026,4,Cash,Other,,,11.0,Income,Normal
2026-04-02 19:53:26,2026,4,Cash,Other,Other,,4.9,Expense,Normal
2026-04-03 16:50:31,2026,4,Cash,Transport,Parking Ticket,,4.0,Expense,Normal
2026-04-03 22:56:59,2026,4,Cash,Transport,Minyak,,8.85,Expense,Normal
2026-04-04 00:39:46,2026,4,Cash,Food,Eating out,,10.0,Expense,Normal
2026-04-04 16:30:24,2026,4,Cash,Food,Beverages,,1.0,Expense,Normal
2026-04-04 16:45:37,2026,4,Cash,Food,Groceries,,3.0,Expense,Normal
2026-04-04 18:09:53,2026,4,Bank Islam,Food,Beverages,,24.8,Expense,Normal
2026-04-05 04:12:13,2026,4,Bank Islam,Food,Eating out,,18.5,Expense,Normal
2026-04-05 07:58:33,2026,4,Cash,Allowance,,,100.0,Income,Normal
2026-04-05 08:29:09,2026,4,Bank Islam,Transport,Train,,55.0,Expense,Normal
2026-04-05 16:55:34,2026,4,Bank Islam,TnG +,,,300.0,Transfer-Out,Transfer
2026-04-05 16:59:26,2026,4,TnG +,Transport,MyPass50,,50.0,Expense,Normal
2026-04-05 18:11:31,2026,4,Cash,Transport,Touch N Go Transport,,10.0,Expense,Normal
2026-04-05 18:35:03,2026,4,Bank Islam,Food,Eating out,,17.5,Expense,Normal
2026-04-05 19:28:47,2026,4,Bank Islam,Health,Toiletries,,8.9,Expense,Normal
2026-04-06 13:02:31,2026,4,TnG +,Food,Lunch,,10.0,Expense,Normal
2026-04-06 13:04:01,2026,4,TnG +,Food,Lunch,,6.0,Expense,Normal
2026-04-06 17:20:13,2026,4,TnG +,Food,Dinner,,8.0,Expense,Normal
2026-04-06 17:22:01,2026,4,TnG +,Food,Beverages,,5.0,Expense,Normal
2026-04-07 17:26:54,2026,4,TnG +,Food,Dinner,,14.5,Expense,Normal
2026-04-07 17:39:29,2026,4,TnG +,Food,Beverages,,5.5,Expense,Normal
2026-04-08 17:18:50,2026,4,Bank Islam,Food,Dinner,,8.0,Expense,Normal
2026-04-08 19:08:44,2026,4,TnG +,Food,Dinner,,5.0,Expense,Normal
2026-04-09 17:10:49,2026,4,TnG +,Food,Dinner,,8.0,Expense,Normal
2026-04-09 17:26:08,2026,4,Bank Islam,Other,Shopee,,42.31,Expense,Normal
2026-04-10 14:04:58,2026,4,TnG +,Other,Other,,5.0,Expense,Normal
2026-04-10 17:24:28,2026,4,Bank Islam,Food,Fruits,,10.0,Expense,Normal
2026-04-10 17:25:55,2026,4,TnG +,Food,Dinner,,10.0,Expense,Normal
2026-04-11 20:34:58,2026,4,Bank Islam,Food,Dinner,,16.0,Expense,Normal
2026-04-12 06:28:35,2026,4,TnG +,Health,Dobi,,32.0,Expense,Normal
2026-04-12 17:48:54,2026,4,Bank Islam,Health,Toiletries,,45.4,Expense,Normal
2026-04-12 17:49:41,2026,4,Cash,Other,Movies,,42.0,Expense,Normal
2026-04-12 18:22:48,2026,4,Bank Islam,Food,Eating out,,24.9,Expense,Normal
2026-04-12 18:30:51,2026,4,Bank Islam,Food,Groceries,,18.5,Expense,Normal
2026-04-12 18:48:10,2026,4,Bank Islam,Health,Toiletries,,138.45,Expense,Normal
2026-04-13 17:19:32,2026,4,Cash,Food,Dinner,,8.0,Expense,Normal
2026-04-14 17:09:58,2026,4,TnG +,Food,Dinner,,8.0,Expense,Normal
2026-04-15 18:43:56,2026,4,TnG +,Food,Beverages,,2.3,Expense,Normal
2026-04-15 18:44:01,2026,4,TnG +,Food,Dinner,,9.0,Expense,Normal
2026-04-16 10:04:49,2026,4,Bank Islam,Salary,,,3128.15,Income,Normal
2026-04-16 10:05:59,2026,4,Bank Islam,Modified Bal.,,Difference,9.1,Income,Adjustment
2026-04-16 10:17:48,2026,4,Bank Islam,TnG +,,,400.0,Transfer-Out,Transfer
2026-04-16 10:18:09,2026,4,TnG +,Modified Bal.,,Difference,15.53,Expense,Adjustment
2026-04-16 10:22:54,2026,4,Bank Islam,ASB,,,600.0,Transfer-Out,Transfer
2026-04-16 10:23:45,2026,4,Bank Islam,Kak Ani,,,100.0,Expense,Normal
2026-04-16 10:25:43,2026,4,Bank Islam,Hutang,PTPTN,,120.0,Expense,Normal
2026-04-16 10:33:38,2026,4,Bank Islam,Family,Kak Fara,,100.0,Expense,Normal
2026-04-16 15:20:51,2026,4,Bank Islam,Family,Mak,,300.0,Expense,Normal
2026-04-16 17:29:36,2026,4,TnG +,Food,Groceries,,4.0,Expense,Normal
2026-04-17 07:38:12,2026,4,Cash,Food,Breakfast,,7.0,Expense,Normal
2026-04-17 08:14:10,2026,4,Bank Islam,Game,Arknight,,22.99,Expense,Normal
2026-04-17 18:33:09,2026,4,TnG +,Food,Dinner,,9.0,Expense,Normal
2026-04-17 18:33:16,2026,4,TnG +,Food,Beverages,,0.8,Expense,Normal
2026-04-18 18:20:56,2026,4,TnG +,Food,Eating out,,33.0,Expense,Normal
2026-04-19 15:54:01,2026,4,TnG +,Food,Eating out,,37.95,Expense,Normal
2026-04-19 16:29:56,2026,4,Bank Islam,Other,Books,,32.8,Expense,Normal
2026-04-19 18:11:10,2026,4,TnG +,Food,Eating out,,27.0,Expense,Normal
2026-04-19 18:55:38,2026,4,Bank Islam,Food,Groceries,,37.2,Expense,Normal
2026-04-20 08:46:31,2026,4,Cash,Food,Breakfast,,5.5,Expense,Normal
2026-04-20 12:46:02,2026,4,TnG +,Food,Lunch,,15.0,Expense,Normal
2026-04-20 19:02:34,2026,4,Cash,Food,Dinner,,9.0,Expense,Normal
2026-04-20 19:31:14,2026,4,TnG +,Food,Dinner,,2.0,Expense,Normal
2026-04-21 16:55:49,2026,4,Cash,Food,Beverages,,5.5,Expense,Normal
2026-04-21 16:55:54,2026,4,Cash,Food,Dinner,,13.0,Expense,Normal
2026-04-21 17:30:56,2026,4,Bank Islam,Food,Eating out,,6.0,Expense,Normal
2026-04-21 22:26:12,2026,4,Bank Islam,Other,Other,Claude,80.23,Expense,Normal
2026-04-22 11:57:22,2026,4,Bank Islam,Rent,,Sewa Rumah,670.0,Expense,Normal
2026-04-22 16:06:56,2026,4,TnG +,Food,Dinner,,8.0,Expense,Normal
2026-04-23 07:36:01,2026,4,Cash,Food,Breakfast,,8.0,Expense,Normal
2026-04-23 12:45:42,2026,4,TnG +,Food,Lunch,,8.0,Expense,Normal
2026-04-23 17:12:31,2026,4,Bank Islam,Food,Dinner,,14.5,Expense,Normal
2026-04-23 22:00:27,2026,4,Public Bank,Phone,Yoodo,,25.0,Expense,Normal
2026-04-24 07:35:49,2026,4,Cash,Food,Breakfast,,7.0,Expense,Normal
2026-04-24 12:32:47,2026,4,TnG +,Other,Other,,5.0,Expense,Normal
2026-04-24 14:09:11,2026,4,TnG +,Food,Lunch,,13.0,Expense,Normal
2026-04-24 18:26:52,2026,4,TnG +,Food,Dinner,,9.0,Expense,Normal
2026-04-24 18:27:38,2026,4,TnG +,Food,Beverages,,2.3,Expense,Normal
2026-04-24 19:16:24,2026,4,TnG +,Food,Fruits,,10.0,Expense,Normal
2026-04-25 17:58:30,2026,4,TnG +,Food,Beverages,,6.5,Expense,Normal
2026-04-25 19:50:51,2026,4,Cash,Health,Medicine,,14.9,Expense,Normal
2026-04-26 14:17:57,2026,4,TnG +,Food,Eating out,,25.9,Expense,Normal
2026-04-26 15:03:48,2026,4,Bank Islam,Health,Toiletries,,22.3,Expense,Normal
2026-04-26 15:25:51,2026,4,Cash,Other,Other,,2.0,Expense,Normal
2026-04-26 16:31:00,2026,4,TnG +,Food,Groceries,,13.7,Expense,Normal
2026-04-26 16:36:50,2026,4,TnG +,Food,Groceries,,80.0,Expense,Normal
2026-04-27 07:42:41,2026,4,Cash,Food,Breakfast,,8.0,Expense,Normal
2026-04-27 12:58:56,2026,4,TnG +,Food,Lunch,,6.0,Expense,Normal
2026-04-27 18:54:51,2026,4,TnG +,Food,Dinner,,12.0,Expense,Normal
2026-04-27 18:57:20,2026,4,TnG +,Food,Beverages,,0.5,Expense,Normal
2026-04-28 12:41:56,2026,4,TnG +,Food,Lunch,,6.0,Expense,Normal
2026-04-28 12:42:15,2026,4,TnG +,Food,Beverages,,2.0,Expense,Normal
2026-04-28 17:36:23,2026,4,TnG +,Food,Dinner,,14.5,Expense,Normal
2026-04-29 12:46:46,2026,4,TnG +,Food,Lunch,,6.0,Expense,Normal
2026-04-29 18:43:55,2026,4,TnG +,Food,Dinner,,9.0,Expense,Normal
2026-04-29 18:44:40,2026,4,TnG +,Food,Beverages,,2.5,Expense,Normal
2026-04-30 09:50:06,2026,4,Bank Islam,Other,Shopee,,101.9,Expense,Normal
2026-04-30 12:56:57,2026,4,TnG +,Food,Lunch,,6.0,Expense,Normal
2026-04-30 17:10:59,2026,4,TnG +,Food,Dinner,,8.0,Expense,Normal
2026-04-30 17:13:20,2026,4,TnG +,Food,Groceries,,5.5,Expense,Normal
2026-05-01 18:21:20,2026,5,TnG +,Food,Eating out,,20.0,Expense,Normal
2026-05-01 18:22:57,2026,5,TnG +,Modified Bal.,,Difference,28.8,Income,Adjustment
2026-05-02 17:56:56,2026,5,TnG +,Food,Eating out,,28.4,Expense,Normal
2026-05-02 18:51:03,2026,5,TnG +,Food,Groceries,,37.5,Expense,Normal
2026-05-03 17:39:59,2026,5,Bank Islam,Food,Eating out,,27.5,Expense,Normal
2026-05-03 18:20:57,2026,5,Bank Islam,Other,Other,,66.8,Expense,Normal
2026-05-04 13:56:38,2026,5,TnG +,Food,Lunch,,6.0,Expense,Normal
2026-05-04 18:47:30,2026,5,TnG +,Food,Dinner,,9.0,Expense,Normal
2026-05-04 18:48:20,2026,5,TnG +,Food,Beverages,,2.3,Expense,Normal
2026-05-05 06:25:02,2026,5,TnG +,Transport,MyPass50,,50.0,Expense,Normal
2026-05-05 06:25:39,2026,5,TnG +,Modified Bal.,,Difference,37.59,Income,Adjustment
2026-05-05 09:38:13,2026,5,Bank Islam,Modified Bal.,,Difference,65.7,Expense,Adjustment
2026-05-05 12:59:36,2026,5,TnG +,Food,Lunch,,6.0,Expense,Normal
2026-05-05 17:51:03,2026,5,Bank Islam,Other,Shopee,Kerusi,81.71,Expense,Normal
2026-05-06 12:40:24,2026,5,Cash,Food,Breakfast,,8.0,Expense,Normal
2026-05-06 13:07:07,2026,5,TnG +,Food,Lunch,,8.0,Expense,Normal
2026-05-06 18:42:51,2026,5,TnG +,Food,Dinner,,9.0,Expense,Normal
2026-05-06 18:44:11,2026,5,TnG +,Food,Beverages,,0.5,Expense,Normal
2026-05-07 12:57:25,2026,5,TnG +,Food,Lunch,,7.0,Expense,Normal
2026-05-08 12:54:11,2026,5,TnG +,Food,Lunch,,8.0,Expense,Normal
2026-05-08 12:54:15,2026,5,TnG +,Other,Other,,5.0,Expense,Normal
2026-05-08 17:15:59,2026,5,TnG +,Food,Fruits,,10.0,Expense,Normal
2026-05-08 22:13:16,2026,5,Bank Islam,Food,Dinner,,16.3,Expense,Normal
2026-05-11 07:52:15,2026,5,TnG +,Food,Breakfast,,8.1,Expense,Normal
2026-05-11 18:49:16,2026,5,TnG +,Food,Dinner,,9.0,Expense,Normal
2026-05-11 18:49:21,2026,5,TnG +,Food,Beverages,,0.5,Expense,Normal
2026-05-13 18:46:12,2026,5,TnG +,Food,Dinner,,9.0,Expense,Normal
2026-05-13 18:49:02,2026,5,TnG +,Food,Beverages,,0.5,Expense,Normal
2026-05-15 07:14:12,2026,5,TnG +,Food,Breakfast,,4.0,Expense,Normal
2026-05-15 18:32:31,2026,5,TnG +,Food,Lunch,,11.0,Expense,Normal
2026-05-15 18:34:06,2026,5,TnG +,Food,Dinner,,9.0,Expense,Normal
2026-05-15 18:34:11,2026,5,TnG +,Food,Beverages,,2.5,Expense,Normal
2026-05-16 09:42:05,2026,5,Bank Islam,TnG +,,,150.0,Transfer-Out,Transfer
2026-05-16 09:42:50,2026,5,TnG +,Modified Bal.,,Difference,13.39,Expense,Adjustment
2026-05-16 11:21:59,2026,5,TnG +,Health,Gunting Rambut,,35.0,Expense,Normal
2026-05-16 14:35:48,2026,5,Bank Islam,Food,Eating out,,48.6,Expense,Normal
2026-05-17 12:20:10,2026,5,Bank Islam,Apparel,Kasut,,29.99,Expense,Normal
2026-05-17 13:30:12,2026,5,Bank Islam,Food,Groceries,,71.5,Expense,Normal
2026-05-18 07:10:33,2026,5,TnG +,Food,Breakfast,,11.0,Expense,Normal
2026-05-18 09:30:45,2026,5,Bank Islam,Public Bank,,,80.0,Transfer-Out,Transfer
2026-05-18 09:33:36,2026,5,Public Bank,Modified Bal.,,Difference,75.01,Expense,Adjustment
2026-05-18 13:17:49,2026,5,TnG +,Food,Lunch,,8.0,Expense,Normal
2026-05-18 18:49:31,2026,5,TnG +,Food,Dinner,,9.0,Expense,Normal
2026-05-18 18:54:57,2026,5,TnG +,Food,Beverages,,2.5,Expense,Normal
2026-05-19 12:40:32,2026,5,TnG +,Food,Lunch,,10.5,Expense,Normal
2026-05-20 07:13:16,2026,5,TnG +,Food,Breakfast,,7.0,Expense,Normal
2026-05-20 12:50:04,2026,5,TnG +,Food,Beverages,,9.0,Expense,Normal
2026-05-20 18:41:39,2026,5,TnG +,Food,Beverages,,0.5,Expense,Normal
2026-05-20 18:41:44,2026,5,TnG +,Food,Dinner,,9.0,Expense,Normal
2026-05-21 05:31:45,2026,5,Bank Islam,Salary,,,3128.15,Income,Normal
2026-05-21 07:10:51,2026,5,TnG +,Food,Breakfast,,4.0,Expense,Normal
2026-05-21 08:43:23,2026,5,Bank Islam,Family,Mak,,250.0,Expense,Normal
2026-05-21 08:43:27,2026,5,Bank Islam,Kak Ani,,,100.0,Expense,Normal
2026-05-21 08:43:30,2026,5,Bank Islam,Family,Kak Fara,,200.0,Expense,Normal
2026-05-21 08:44:55,2026,5,Bank Islam,TnG +,,,550.0,Transfer-Out,Transfer
2026-05-21 08:45:34,2026,5,TnG +,Modified Bal.,,Difference,0.06,Income,Adjustment
2026-05-21 15:11:46,2026,5,TnG +,Food,Eating out,,18.0,Expense,Normal
2026-05-22 05:17:34,2026,5,Bank Islam,Other,Other,Claude,80.0,Expense,Normal
2026-05-22 05:18:15,2026,5,Bank Islam,Modified Bal.,,Difference,0.72,Expense,Adjustment
2026-05-22 07:10:56,2026,5,TnG +,Food,Breakfast,,8.5,Expense,Normal
2026-05-22 18:32:45,2026,5,TnG +,Food,Dinner,,9.0,Expense,Normal
2026-05-22 18:32:51,2026,5,TnG +,Food,Beverages,,2.8,Expense,Normal
2026-05-22 20:05:35,2026,5,Bank Islam,Rent,,Sewa Rumah Jun 2026,670.0,Expense,Normal
2026-05-23 07:15:53,2026,5,Bank Islam,Game,Honkai Star Rail,,19.9,Expense,Normal
2026-05-23 12:20:18,2026,5,Bank Islam,ASB,,,300.0,Transfer-Out,Transfer
2026-05-23 12:23:07,2026,5,Bank Islam,Hutang,PTPTN,,110.0,Expense,Normal
2026-05-23 18:05:35,2026,5,Bank Islam,Modified Bal.,,Difference,19.9,Income,Adjustment
2026-05-23 18:06:07,2026,5,Public Bank,Modified Bal.,,Difference,44.9,Expense,Adjustment
2026-05-23 19:19:59,2026,5,TnG +,Other,Movies,,57.0,Expense,Normal
2026-05-23 19:20:06,2026,5,Bank Islam,Health,Toiletries,,35.9,Expense,Normal
2026-05-23 19:54:32,2026,5,Bank Islam,Apparel,Seluar,,149.9,Expense,Normal
2026-05-23 20:19:57,2026,5,TnG +,Food,Eating out,,5.5,Expense,Normal
2026-05-24 17:56:32,2026,5,TnG +,Food,Beverages,,11.0,Expense,Normal
2026-05-24 18:19:37,2026,5,TnG +,Food,Eating out,,56.0,Expense,Normal
2026-05-24 18:28:09,2026,5,TnG +,Food,Eating out,,15.0,Expense,Normal
2026-05-24 18:36:58,2026,5,Bank Islam,Food,Eating out,,16.0,Expense,Normal
2026-05-24 18:44:24,2026,5,Cash,Other,Other,,1.0,Expense,Normal
2026-05-25 07:13:30,2026,5,TnG +,Food,Breakfast,,8.5,Expense,Normal
2026-05-25 13:32:12,2026,5,TnG +,Food,Lunch,,8.0,Expense,Normal
2026-05-25 18:30:40,2026,5,TnG +,Food,Dinner,,6.0,Expense,Normal
2026-05-25 18:32:49,2026,5,TnG +,Food,Beverages,,2.5,Expense,Normal
2026-05-26 17:03:33,2026,5,TnG +,Food,Groceries,,4.2,Expense,Normal
2026-05-26 17:34:54,2026,5,TnG +,Other,Other,Print,0.8,Expense,Normal
2026-05-27 18:24:00,2026,5,TnG +,Food,Eating out,,33.0,Expense,Normal
2026-05-28 18:41:56,2026,5,TnG +,Food,Eating out,,41.2,Expense,Normal
2026-05-28 19:52:04,2026,5,TnG +,Other,Books,,25.6,Expense,Normal
2026-05-28 19:52:04,2026,5,Cash,Other,Other,,1.0,Expense,Normal
2026-05-29 08:13:39,2026,5,TnG +,Food,Breakfast,,8.8,Expense,Normal
2026-05-29 12:39:57,2026,5,TnG +,Other,Other,,5.0,Expense,Normal
2026-05-29 17:10:07,2026,5,TnG +,Food,Dinner,,11.0,Expense,Normal
2026-05-29 17:10:17,2026,5,TnG +,Food,Beverages,,3.0,Expense,Normal
2026-05-30 17:59:53,2026,5,TnG +,Food,Eating out,,23.0,Expense,Normal
2026-05-31 17:30:35,2026,5,Bank Islam,Other,Books,AI TRADE,99.0,Expense,Normal
2026-05-31 17:47:45,2026,5,TnG +,Food,Dinner,,6.8,Expense,Normal
2026-06-01 06:21:16,2026,6,TnG +,Health,Dobi,,14.0,Expense,Normal
2026-06-01 06:52:11,2026,6,TnG +,Health,Dobi,,7.0,Expense,Normal
2026-06-01 14:22:58,2026,6,TnG +,Modified Bal.,,Difference,77.56,Income,Adjustment
2026-06-01 14:23:46,2026,6,Bank Islam,Modified Bal.,,Difference,82.6,Expense,Adjustment
2026-06-01 17:46:44,2026,6,TnG +,Food,Eating out,,25.3,Expense,Normal
2026-06-01 18:19:14,2026,6,TnG +,Other,Other,Pin Tilam,3.4,Expense,Normal
2026-06-01 18:33:25,2026,6,Bank Islam,Food,Groceries,,63.35,Expense,Normal
2026-06-01 18:53:44,2026,6,Bank Islam,Health,Medicine,,18.0,Expense,Normal
2026-06-01 19:32:30,2026,6,Bank Islam,Food,Groceries,,37.85,Expense,Normal
2026-06-02 11:11:05,2026,6,Bank Islam,Other,Books,Under 18 No Fear,40.0,Expense,Normal
2026-06-02 17:15:47,2026,6,Bank Islam,Food,Groceries,,43.6,Expense,Normal
2026-06-03 07:14:05,2026,6,TnG +,Food,Breakfast,,8.5,Expense,Normal
2026-06-03 13:10:36,2026,6,TnG +,Food,Lunch,,7.5,Expense,Normal
2026-06-03 17:01:54,2026,6,Bank Islam,Allowance,,,15.0,Income,Normal
2026-06-03 18:37:47,2026,6,TnG +,Food,Dinner,,9.0,Expense,Normal
2026-06-03 18:37:52,2026,6,TnG +,Food,Beverages,,0.5,Expense,Normal
2026-06-04 06:56:54,2026,6,TnG +,Transport,MyPass50,,50.0,Expense,Normal
2026-06-04 12:48:25,2026,6,TnG +,Food,Lunch,,10.5,Expense,Normal
2026-06-04 17:19:58,2026,6,TnG +,Food,Dinner,,8.0,Expense,Normal
2026-06-05 07:12:46,2026,6,TnG +,Food,Breakfast,,7.0,Expense,Normal
2026-06-05 12:41:40,2026,6,TnG +,Food,Lunch,,11.0,Expense,Normal
2026-06-05 13:02:09,2026,6,TnG +,Other,Other,,2.0,Expense,Normal
2026-06-05 18:43:20,2026,6,TnG +,Food,Dinner,,9.0,Expense,Normal
2026-06-05 18:43:49,2026,6,TnG +,Food,Beverages,,2.5,Expense,Normal
2026-06-06 08:49:19,2026,6,TnG +,Food,Groceries,,10.3,Expense,Normal
2026-06-06 12:53:20,2026,6,Bank Islam,Other,Books,,12.0,Expense,Normal
2026-06-06 12:57:32,2026,6,TnG +,Other,Other,,10.0,Expense,Normal
2026-06-06 13:32:27,2026,6,Bank Islam,Food,Eating out,,19.0,Expense,Normal
2026-06-08 13:32:07,2026,6,TnG +,Food,Beverages,,1.5,Expense,Normal
2026-06-08 17:57:09,2026,6,TnG +,Food,Lunch,,6.0,Expense,Normal
2026-06-08 17:57:15,2026,6,TnG +,Food,Dinner,,9.0,Expense,Normal
2026-06-08 17:58:09,2026,6,TnG +,Food,Beverages,,2.8,Expense,Normal
2026-06-09 12:46:32,2026,6,TnG +,Food,Lunch,,7.0,Expense,Normal
2026-06-09 20:09:42,2026,6,TnG +,Modified Bal.,,Difference,256.46,Income,Adjustment
2026-06-09 20:10:03,2026,6,Bank Islam,Modified Bal.,,Difference,256.3,Expense,Adjustment
2026-06-10 07:14:10,2026,6,TnG +,Food,Breakfast,,7.0,Expense,Normal
2026-06-10 12:45:08,2026,6,TnG +,Food,Lunch,,7.0,Expense,Normal
2026-06-10 18:41:07,2026,6,TnG +,Food,Dinner,,9.0,Expense,Normal
2026-06-10 18:41:11,2026,6,TnG +,Food,Beverages,,2.5,Expense,Normal
2026-06-11 07:13:15,2026,6,TnG +,Food,Breakfast,,5.6,Expense,Normal
2026-06-11 12:49:48,2026,6,TnG +,Food,Lunch,,9.0,Expense,Normal
2026-06-12 07:11:54,2026,6,TnG +,Food,Breakfast,,7.0,Expense,Normal
2026-06-12 07:24:49,2026,6,TnG +,Food,Breakfast,,3.0,Expense,Normal
2026-06-12 07:25:03,2026,6,TnG +,Food,Beverages,,1.5,Expense,Normal
2026-06-12 12:40:23,2026,6,TnG +,Food,Lunch,,13.0,Expense,Normal
2026-06-12 12:56:25,2026,6,TnG +,Other,Other,,5.0,Expense,Normal
2026-06-12 18:08:39,2026,6,TnG +,Food,Dinner,,9.0,Expense,Normal
2026-06-12 18:08:44,2026,6,TnG +,Food,Beverages,,2.5,Expense,Normal
2026-06-12 19:13:11,2026,6,TnG +,Food,Beverages,,5.5,Expense,Normal
2026-06-14 19:15:05,2026,6,Bank Islam,Food,Groceries,,21.9,Expense,Normal
2026-06-14 20:40:25,2026,6,Bank Islam,Food,Dinner,,30.0,Expense,Normal
